pos,title,byline,pages,uploaded,type,content_type,validity_rating,evidence_quality,speculation_level,confidence,is_compilation,quality_variance,url,summary
1,"Diamond Handbook","Second Edition",842,2021-07-20,compilation,periodical_news,2,3,high,medium,true,mixed,https://online.fliphtml5.com/lvrgy/ezim/,"Diamond Handbook Second Edition is a curated compilation of 40+ due diligence articles from r/Superstonk posted between March and May 2021. Compiled by u/WRITEROFJOTS, it argues GameStop is targeted by an unsustainable short-selling campaign and that the January 2021 rally was suppressed by systematic manipulation. Articles present evidence of real market phenomena (naked shorting, dark pool trading, regulatory gaps) and interpret them to predict an imminent Mother of All Short Squeeze triggered by share recalls, rule changes, digital dividends, or retail direct registration. Technical analyses forecast explosive price moves; expert AMAs (Susanne Trimbath, David Lauer, Carl Hagberg, Lucy Komisar) discuss systemic fragility. The handbook frames emerging DTCC regulations as preparations for inevitable liquidation of short positions."
2,"SuperStonk DD Mega Back Up","by u/onlyfuturehuman",674,2021-08-06,compilation,wealth_advice,2,2,high,medium,true,mixed,https://online.fliphtml5.com/lvrgy/byfl/,"A compilation of Reddit r/Superstonk due diligence posts arguing that GameStop short sellers are trapped in an inescapable cycle driven by FINRA short interest reporting deadlines, hidden synthetic shares, and deep ITM call options. Posts claim shorts have created 42+ million synthetic shares, that short interest is far higher than reported (79M-103M hidden shares), and that market regulators and the DTCC enable naked shorting. Multiple authors present technical analyses of options flows, short volume patterns, and FINRA settlement dates to support predictions of an inevitable 'Mother of All Short Squeezes' (MOASS). The compilation references real regulatory actions (EU bank fines for bond manipulation) but frames them as evidence of systemic dysfunction requiring a complete market reset."
3,"GMEdd.com November 2021 Report","by GMEdd.com",8,2021-11-16,original,wealth_advice,2,3,high,high,false,na,https://online.fliphtml5.com/lvrgy/jpfu/,"A November 2021 equity research report by GMEdd.com presenting a three-scenario valuation analysis of GameStop Corp. The authors argue GME is undervalued and rapidly transforming into a technology company focused on blockchain, NFTs, and Web 3.0. They present a bear case ($304 PT), base case ($498 PT), and bull case ($1,069 PT), asserting the bull case—based on successful NFT marketplace launch, Web 3.0 adoption, and digital revenue dominance—is the most likely outcome given Ryan Cohen's leadership and 270+ tech executive hirings in 2021."
4,"GMEdd.com January 2021 Report","by GMEdd.com",8,2021-11-16,original,market_dd,2,3,high,medium,false,na,https://online.fliphtml5.com/lvrgy/dtsd/,"GMEdd.com's January 2021 valuation report argues GameStop is undervalued and attributes its stock rise to fundamental correction rather than short-squeeze dynamics. The analysis presents three scenarios: a bear case ($32) assuming legacy retail decline, a base case ($80) projecting moderate ecommerce adoption to 37.5% of revenue with new digital partnerships, and a bull case ($169) predicting Ryan Cohen-led digital transformation with 45%+ ecommerce and new revenue streams (advertising, premium membership). The report explicitly rejects the squeeze narrative and forecasts profitability is achievable across all scenarios."
5,"The Real Greatest Short Burn of the Century - Sept. 8, Oct. 11, & Nov. 3, 2020","by u/Jeffamazon",18,2021-09-04,compilation,market_dd,2,3,high,high,true,uniform,https://online.fliphtml5.com/lvrgy/udix/,"Compilation of three Reddit posts (Sept–Nov 2020) by u/Jeffamazon arguing GameStop is primed for an unprecedented 'infinity short squeeze' driven by >100% short interest, delta hedging cascades, and activist involvement from Ryan Cohen. Posts cite healthy balance sheet, console-cycle fundamentals, and options open interest as supporting evidence. Core thesis predicts $400+ price target via mathematical short-covering feedback loops, with December 2020 earnings as key catalyst. Blends legitimate valuation data with speculative market mechanics claims."
6,"Insert Rocket Emoji Here - Dec. 8, 2020 - Jan. 21, 2021","by u/CPTHubbard",36,2022-02-26,compilation,wealth_advice,2,2,high,medium,true,mixed,https://online.fliphtml5.com/lvrgy/iwhf/,"A compilation of late-2020/early-2021 Reddit posts by u/CPTHubbard documenting the early GameStop saga. Mixes operational due diligence (bankruptcy concerns unfounded, retail demand real) with speculation about MOASS inevitability, Ryan Cohen's transformational leadership, and alleged coordinated media manipulation by short sellers. Narrative-heavy sections alternate with fundamental analysis. Frames Jim Cramer and traditional media as propagandists for Melvin Capital shorts; argues patient holders will prevail. Reflects peak Reddit enthusiasm during the Jan 2021 price run-up."
7,"GME Almost-Ultimate DD - Jan. 2, - Feb. 1, 2021","by u/ShortTheNasdaq",26,2022-02-12,compilation,market_dd,2,3,high,high,true,uniform,https://online.fliphtml5.com/lvrgy/monn/,"A compilation of three related posts (Jan 2 – Feb 1, 2021) by u/ShortTheNasdaq analyzing GameStop's fundamental turnaround under Ryan Cohen. Features price target predictions (conservative $34, likely $50, optimistic $70 without squeeze; $100+ with squeeze), detailed short interest analysis (~97.68% of float), and speculation on inevitable squeeze catalysts. Includes macroeconomic outlook (low rates, stimulus, weak dollar), sector tailwinds (video game and e-commerce growth), and risk/upside analysis. Written before January 28, 2021 peak, emphasizing diamond-hand holding through volatility."
8,"GME Endgame Parts 1-6 - Jan. 12 - Feb. 17, 2021","by u/fataspirations",48,2021-11-20,compilation,market_dd,2,3,high,medium,true,mixed,https://online.fliphtml5.com/lvrgy/ahnv/,"A six-part research series spanning January-February 2021 analyzing GameStop's short squeeze through the lens of short interest dynamics, market maker hedging, and alleged market manipulation. The author (u/fataspirations) argues that an 'infinity squeeze' is mathematically inevitable due to extremely high short interest relative to tradable float, projects fair value at $500+/share using Chewy retail comparables, predicts RC Cohen's CEO ascent will unlock venture capital funding, and alleges coordinated collusion by Citadel, DTCC, and Robinhood to suppress prices. Each part chronicles the squeeze week-by-week, explains gamma squeeze mechanics, and advocates a 'diamond hands' hold strategy while holding $1M+ in personal positions."
9,"GME DD - One DD To Rule Them All - Jan. 17, 2021","by u/TitusSupremus",14,2021-11-05,original,market_dd,4,2,high,medium,false,na,https://online.fliphtml5.com/lvrgy/zzmw/,"This January 2021 Reddit DD by u/TitusSupremus argues GameStop is both fundamentally undervalued (trading at 0.38x P/S vs S&P 500 average 2.75x) and positioned for a historic short squeeze. The author cites Ortex data showing 147% short interest of float as of December 31, 2020, and speculates total hidden short interest may reach 200-400%. He argues Ryan Cohen's Chewy pedigree will transform GME through e-commerce growth (24x in 2020), PC kiosks, and community gaming centers. For the squeeze, the post projects $200-$299+ price targets based on short-covering math, argues margin calls will devastate shorts preferentially, and compares the setup to past console-cycle squeezes. Conclusion urges holding indefinitely for transformational payoff."
10,"Gamestop Big Picture Collected Works - Jan. 21 - Mar. 13, 2021","by u/jn_ku",90,2021-08-13,compilation,periodical_news,2,3,high,medium,true,mixed,https://online.fliphtml5.com/lvrgy/nmbz/,"A series of six detailed Reddit posts from u/jn_ku spanning January 26 to February 7, 2021, analyzing GameStop's short squeeze situation during the peak of retail interest. The author discusses short interest mechanics (140% of float), predicts a potential 'short singularity' cascade where forced short covering would drive parabolic price movement, and provides daily market microstructure analysis. Posts chronicle the squeeze peak (~$483 intraday Jan 28), alleged media manipulation coordination, high-frequency trading battles, technical patterns, and potential future squeeze scenarios via share recall. Later posts express skepticism that the main squeeze had already occurred and discuss GameStop's fundamental improvements under new leadership."
11,"The Infinity Pool - Apr. 12, 2021","by u/BluPrince",10,2022-05-31,original,other,1,1,medium,low,false,na,https://online.fliphtml5.com/lvrgy/iwod/,"A meme-format post using minimal text and playful imagery to discuss the ""infinity pool"" concept — a Superstonk behavioral philosophy of holding GameStop shares indefinitely without selling. References cryptic CEO tweets and dismisses market-manipulation concerns with jokes. Contains virtually no financial analysis, data, citations, or verifiable claims."
12,"The Direct Registered Shares Thesis - June 1, 2021 - March 27, 2022","by u/ajquick",32,2022-03-30,compilation,guide_howto,2,2,high,low,true,mixed,https://online.fliphtml5.com/lvrgy/vgvh/,"This work presents the Direct Registered Shares (DRS) thesis for GameStop shareholders. It explains DTCC compartmentalization, transfer agent mechanics, and ComputerShare's role as an alternative registry. The author argues that DRS shares held directly at ComputerShare will take precedence over brokerage-held shares and could force GameStop to address DTC competence. Includes practical steps for moving shares to ComputerShare and real-world price confirmation data from 2021. The work treats DRS as both an educational framework and a potential catalyst for market action."
13,"The Computershare DD Series Compilation - Aug. 13, 2021","by u/pinkcatsonacid",92,2022-02-10,compilation,other,2,3,high,medium,true,uniform,https://online.fliphtml5.com/lvrgy/uefi/,"A multi-part series on direct registration of shares (DRS) through Computershare, authored by u/pinkcatsonacid from r/Superstonk (Aug 2021). The compilation explains the mechanics of transferring GME shares from brokers to Computershare (the official transfer agent), details account types, dividend reinvestment options, provides international transfer guides, and addresses common concerns. The author claims DRS prevents share lending and short selling, argues that hidden short interest masquerades as phantom shares, and predicts that registering a sufficient portion of the float will force liquidation of short positions and trigger an unlimited ""Mother of All Short Squeezes"" (MOASS). The series frames DRS as an 'infinity pool' strategy for long-term holders while maintaining broker accounts for trading."
14,"Transferring Shares to Computershare: Step-by-Step Guide for Most Brokers - Sept. 12, 2021","by u/da_squirrel_monkey",14,2021-09-23,original,guide_howto,3,3,medium,high,false,na,https://online.fliphtml5.com/lvrgy/yqra/,"A step-by-step practical guide for transferring GameStop shares to Computershare via Direct Registration of Shares (DRS), covering major US brokers including Fidelity, TD Ameritrade, Schwab, Webull, and others. Provides specific procedures, fees, timelines, and complexity assessments for each broker, plus FAQs on tax implications and processing delays. Cites speculative claims that DRS is the key to MOASS and would trigger a share recall; these embedded assertions did not materialize—DRS reached ~25% of float by 2023 without price acceleration."
15,"Criand on Computershare & DRS - Sept. 16. 2021","by u/criand",28,2021-09-23,original,wealth_advice,2,3,medium,high,false,na,https://online.fliphtml5.com/lvrgy/jioq/,"This post argues that Direct Registration of Shares (DRS) through ComputerShare is the mechanism to trigger a GameStop short squeeze by locking up the entire float. The author explains how street-name registration enables phantom shares, while DRS prevents this by removing real certificates from brokers' control. Using CMKM Diamonds as a historical precedent, the post contends that once all shares are DRS'd, any additional registration requests prove phantom shares exist, forcing a cascading margin-call squeeze. The author addresses concerns about ComputerShare by noting it serves major corporations (Apple, Microsoft, Amazon) and clarifies that retail lending restrictions don't stop broker lending against certificates."
16,"When You Wish Upon A Star - A Complete Guide to Computershare - Sept. 23, 2021","by u/doom_douche",12,2021-09-23,original,guide_howto,3,3,medium,high,false,na,https://online.fliphtml5.com/lvrgy/zubh/,"A practical guide to direct registration (DRS) of GameStop shares through Computershare, published September 2021. The book explains Computershare's legitimacy as a transfer agent, contrasts street-name vs. direct registration, argues DRS prevents broker share lending, and speculates that full-float registration may trigger a transformative market event. Includes technical details on buying/selling through Computershare, NFT dividend delivery concerns, and recommends portfolio diversification across brokers and DRS. Cites SEC documents to support claims about naked shorting and broker lending incentives."
17,"DSPP Share Revelations and the Heat Lamp Theory - Apr. 17, 2023","",30,2023-05-30,original,market_dd,2,2,high,high,false,na,https://online.fliphtml5.com/lvrgy/kqab/,"This book examines distinctions between DSPP (Dividend Reinvestment Plan) enrolled shares and Pure DRS Book entry shares at Computershare, arguing existing community assumptions about registration were incorrect. The author then proposes the 'Heat Lamp Theory'—a metaphor suggesting Computershare fills DRS requests on demand rather than through coordinated bulk processing. The book concludes by claiming discussion of these theories was censored across subreddits, framing suppression as evidence of a larger suppression effort. While procedurally grounded in Computershare's actual operational structures, the book's core inferences about manipulation, market relevance, and suppression lack substantiation."
18,"Citadel Has No Clothes - Mar 13, 2021","by u/atobitt",20,2021-08-05,original,market_dd,2,4,high,high,false,na,https://online.fliphtml5.com/lvrgy/ntdt/,"This March 2021 post analyzes Citadel Securities using published financial statements and FINRA records, documenting 58 regulatory violations and noting a 127.57% year-over-year increase in short positions to $57.5 billion in 2020. The author argues that Fair Value accounting requirements will force Citadel to mark positions to market as stock prices rise, creating severe financial pressure. It interprets the March 10, 2021 GME flash crash as evidence of market manipulation and predicts an imminent financial crisis for hedge funds, culminating in a squeeze. The post concludes these pressures will trigger forced buying and catastrophic losses."
19,"Blackrock Bag Holders, Inc - Mar, 18, 2021","by u/atobitt",14,2021-11-05,original,wealth_advice,2,2,high,high,false,na,https://online.fliphtml5.com/lvrgy/rxfd/,"Published March 18, 2021, this article argues that BlackRock is trapped in a 'shadow market' scheme with Citadel and Bridgewater Associates, where Citadel borrowed the majority of BlackRock's GME shares for short selling, leaving BlackRock earning lending fees while holding worthless collateral. The author cites SEC filings, employee transitions, and corporate events (bond issuances, derivative holdings, option ratios) as evidence of Citadel's financial distress and imminent collapse, predicting a systemic crisis as the DTCC prepares for the consequence."
20,"The Everything Short - Mar. 30, 2021","by u/atobitt",26,2021-11-05,original,market_dd,2,3,high,high,false,na,https://online.fliphtml5.com/lvrgy/pzkp/,"Published March 2021, this article argues that Citadel has shorted the US Treasury bond market to catastrophic levels through its subsidiary Palafox Trading, using the repo market to conceal a vast short position. The author claims that rehypothecation of treasury collateral has created insolvent chains where institutions cannot cover their obligations, and interprets negative repo rates and FICC deposit levels as evidence of an imminent systemic default. The article uses real market data and SEC filings to build an inferential case that a ""mother of all margin calls"" is imminent."
21,"Walkin Like a Duck Talkin Like a Duck - Apr. 5, 2021","by u/atobitt",26,2022-02-10,original,market_dd,2,3,high,high,false,na,https://online.fliphtml5.com/lvrgy/hlou/,"April 2021 post by u/atobitt arguing that Citadel Securities committed securities fraud based on a real March 2021 FINRA citation for treasury-transaction reporting violations (July 2017–Oct 2019). The author uses genuine regulatory documents to document misclassified internal transfers and remuneration disclosure failures, then draws Enron parallels and interprets these compliance failures as proof of intentional fraud. The post positions GameStop as the instrument that will expose and collapse the fraudulent system, claiming an inevitable ""MOASS"" will transfer wealth from the guilty to retail investors."
22,"House of Cards Part I - Apr. 21, 2021","by u/atobitt",26,2021-07-31,original,other,3,4,medium,medium,false,na,https://online.fliphtml5.com/lvrgy/mesf/,"House of Cards Part I traces 50 years of DTC evolution from manual to computerized settlement, arguing computerization enabled naked short selling. The author links the 1987 crash to automated trading and derivatives mismatches, documents the 2003 controversy where issuers sought to withdraw securities citing naked shorting by DTC participants, and claims the DTC denied requests while permitting continued manipulation. The post cites SEC filings and FINRA violation records to argue for a systemic institutional naked shorting scheme facilitated by Cede & Co.'s IOU-based vault system and frames the market structure as inherently fraudulent."
23,"House of Cards Part II - May 26, 2021","by u/atobitt",30,2021-07-31,original,market_dd,3,4,high,high,false,na,https://online.fliphtml5.com/lvrgy/rfno/,"Published May 2021, this analysis examines GameStop's reported 140% short interest of float by investigating FINRA violations across major broker-dealers. The author catalogs dozens of violations for failing to properly mark short sales or report short interest positions, arguing this systemic failure explains understated short interest figures. The core thesis uses real regulatory violations to support the inference that naked shorting and misreporting are widespread and intentional, not isolated incidents. While the violations cited are factual, the causal connection to GameStop's specific situation and the implications for market stability remain speculative."
24,"House of Cards Part III - May 26, 2021","by u/atobitt",16,2021-07-31,original,other,2,2,high,high,false,na,https://online.fliphtml5.com/lvrgy/edgj/,"House of Cards Part III documents real SEC/FINRA enforcement violations by major financial firms (Merrill Lynch, Goldman Sachs, RBC) involving short-selling practices, fails-to-deliver, and naked shorting techniques. Using these cases and a 2005 academic framework by John D. Finnerty on stock manipulation via naked shorting, the author argues that GameStop's January 2021 extreme trading volume (1.5B shares over 5 days), high fails-to-deliver, and price dynamics were evidence of naked short sellers attempting to manipulate the stock downward, thwarted only by retail investor buying. The author suggests without retail support, GameStop would have followed Charter Communications into bankruptcy."
25,"I Ain't Hear No Bell - July 21, 2021","by u/atobitt",12,2021-11-05,original,market_dd,2,3,high,high,false,na,https://online.fliphtml5.com/lvrgy/lntv/,"This post analyzes FINRA BrokerCheck regulatory data to document violations among major financial institutions. Chapter 1 reports a ~100% increase in capital requirement violations (CME Rule 971A.1/970A) among firms like Wells Fargo, Bank of America, and Citigroup, from 7-8 annually (2017-2019) to 13 in 2020, suggesting either improved detection or rising market stress. Chapter 2 details Wolverine Execution Services' 3-year short-sale misconduct (2016-2019, cited 2021): inaccurate marking of 19,000 trades, 560,000 missing locate documents, and 40-59% reporting failures. The author frames these as evidence of systemic fraud, though no direct link to GME is established in the text."
26,"Citadel Still Has No Clothes - Feb. 28, 2022","by u/atobitt",8,2022-02-28,original,market_dd,1,2,high,low,false,na,https://online.fliphtml5.com/lvrgy/iglj/,"This February 2022 due diligence post analyzes Citadel's reported regulatory violations and balance sheet metrics. The author argues that Citadel Securities' liabilities consist primarily of short obligations (claimed at over 87%) and highlights disparities in asset growth—physical equities up 7.88% versus derivatives up nearly 37%—as evidence of excessive leverage or financial instability. The title and framing imply Citadel is exposed to catastrophic risk."
27,"The Smoking Gun - Mar. 10, 2022","by u/atobitt",12,2022-03-11,original,market_dd,1,1,high,low,false,na,https://online.fliphtml5.com/lvrgy/qpnc/,"The Smoking Gun (March 2022) disputes the accuracy of official short interest reporting for GME, arguing that actual short interest remained substantially higher than reported figures, including claims that true short interest persisted at or above 113% even after the January 2021 price peak. The work questions SEC report findings and suggests hidden or unreported short positions among major market participants. Due to poor optical-character-recognition text extraction (only 9 of 12 pages yielded readable text), the full argumentative structure and supporting evidence remain partially obscured."
28,"The Gamma Squeeze Part II - March 23, 2022","by u/atobitt",12,2022-03-23,original,market_dd,2,1,high,low,false,na,https://online.fliphtml5.com/lvrgy/ggmj/,"Post speculates on gamma squeeze mechanics in GME, focusing on option expiration dynamics and borrow rates. Predicts an imminent gamma squeeze threat by Friday (March 25, 2022), citing April 1 and June 17 option expirations and arguing that the threat is becoming 'VERY real.' Discusses option volume, borrow rate tracking via IBKR and Stonk-O-Tracker, and implied short pressure from options mechanics."
29,"Chaos Theory 1 : The Everything Connection - Apr. 11, 2021","by u/sharkbaitlol",12,2021-08-04,original,market_dd,2,3,high,high,false,na,https://online.fliphtml5.com/lvrgy/dbql/,"A Reddit due-diligence post attempting to trace connections between major financial entities (Susquehanna, Citadel, BlackRock, Apollo, Tiger Global Management, Credit Suisse) through Cayman Islands and offshore addresses, particularly the Ugland House and Paradise Papers data. The author argues these shared registrations and overlapping personnel indicate hidden coordination, speculating that BlackRock may be orchestrating market events in coordination with government and the Federal Reserve. The post presents regulatory changes under incoming SEC chair Gary Gensler as potential catalyst for market restructuring."
30,"Chaos Theory 2 : Conflicts of Interest - Apr. 12, 2021","by u/sharkbaitlol",6,2021-08-04,original,market_dd,2,2,high,high,false,na,https://online.fliphtml5.com/lvrgy/qmgl/,"This post investigates interconnections between regulatory officials and financial institutions, specifically highlighting Heath Tarbert's move from CFTC chair to Citadel's Chief Legal Officer and Jay Clayton's move from SEC chair to Apollo Global Management. The author argues these relationships represent unmanaged conflicts of interest and speculates that a ""financial war"" between Citadel and BlackRock is underway, with GME as the flashpoint. The piece presents documented job transitions but frames them within a larger speculative narrative about coordinated financial manipulation and systemic crisis, suggesting Gary Gensler's SEC appointment is timed to exploit market instability."
31,"Chaos Theory 3 : The Final Connection - Apr. 16, 2021","by u/sharkbaitlol",24,2021-08-04,original,macro_analysis,2,3,high,medium,false,na,https://online.fliphtml5.com/lvrgy/qcax/,"This post traces interconnections between regulatory capture (SEC/CFTC chairmen joining private firms they oversaw), bank solvency risks from Archegos/Greensill losses, and the LIBOR-to-SOFR interest-rate transition. The author argues that hedge funds like Citadel leveraged artificially low LIBOR-based rates, expecting political delays to SOFR; predicts that forced transition to backward-looking SOFR rates will trigger mass deleveraging, borrower defaults, and financial system stress, particularly affecting overleveraged firms. The post uses real regulatory and banking crises as scaffolding for a systemic collapse thesis."
32,"Naked Shorting - A Definitive Guide - June 5, 2021","by u/sharkbaitlol",10,2021-11-06,original,market_dd,2,2,high,medium,false,na,https://online.fliphtml5.com/lvrgy/fcmo/,"A curated Reddit guide aggregating due diligence on naked short selling in GameStop (GME). The author features interviews with securities attorney Wes Christian and economist Dr. Susanne Trimbath, describing historical naked-shorting tactics (convertible debentures, rehypothecation, synthetic shares) used to manipulate stock prices and destroy companies. The post conflates documented naked-shorting mechanisms with unsupported claims that GME experienced 250% short interest and was targeted for destruction. References other Reddit DD threads and concludes with investment advice (Buy, Hold, Vote). While naked shorting as a market phenomenon is real and mechanisms are accurately described, the specific application to GME's magnitude and subsequent failure of predicted squeezes undermine the core thesis."
33,"The GME Warpath - Aug. 29, 2021","by u/sharkbaitlol",20,2021-11-06,original,market_dd,2,3,high,high,false,na,https://online.fliphtml5.com/lvrgy/bddd/,"Written in August 2021, this analysis argues that GameStop is building a decentralized NFT marketplace for intellectual properties globally that will compete with Amazon and AWS, potentially in partnership with Tesla. The author, claiming prior GameStop data analyst experience, traces the company's decline through 2015-2020, explains NFT and blockchain technology, and speculates that an eventual stock surge (MOASS) will fund this transformation. The core thesis frames radical business expansion and blockchain integration as GameStop's path to dominance in a future metaverse economy."
34,"GME Prices are Suppressed - OBV, Shorting, and the Disconnect with Price - Mar. 15, 2021","by u/broccaaa",8,2022-02-12,original,market_dd,2,2,high,medium,false,na,https://online.fliphtml5.com/lvrgy/yiwe/,"This post applies On Balance Volume (OBV) technical analysis to argue that GME prices in early 2021 were artificially suppressed through massive short-selling. The author compares GME's OBV-price divergence to normal stocks (AAPL) and heavily-shorted stocks (TSLA), observing that despite dramatic price declines, OBV remained elevated. The author interprets this divergence as evidence of manipulation and sustained insider holding, concluding that enormous short positions remain and predicting a massive upward price correction when shorts cover."
35,"The Naked Short Scam 1 - Revealed - Mar. 30, 2021","by u/broccaaa",8,2021-08-04,original,market_dd,2,2,high,medium,false,na,https://online.fliphtml5.com/lvrgy/empn/,"This March 2021 post argues that hedge funds are illegally hiding short interest by exploiting market maker privileges through 'married put' and 'reverse conversion' options trades. The author claims these mechanics explain artificially low reported SI (140% in Jan 2021 vs. estimated 150-208% actual), and predicts that weekly options expiration will drain shorts' resources and eventually trigger a squeeze. The post draws on a 2007 academic paper and the Overstock historical case to validate the mechanism, but applies it speculatively to GME without regulatory confirmation."
36,"The Naked Short Scam 2 - Using ETFs - Apr. 30, 2021","by u/broccaaa",10,2021-08-04,original,market_dd,2,3,high,high,false,na,https://online.fliphtml5.com/lvrgy/kwxx/,"Analysis of Fails-to-Deliver (FTD) and short interest (SI) patterns in GME and related ETFs from January through April 2021. The author argues that after the January price spike, short positions were systematically shifted from GME to ETFs (primarily XRT and IWM, later broader spread) as a manipulation tactic. Presents correlated data showing GME SI decreased while ETF SI increased, with FTD spikes migrating similarly. Calculates total short obligation (GME + ETFs) at approximately 27-30 billion dollars and suggests this represents hidden short positions, not genuine covering. Concludes that shorts are using ETFs and options strategies to hide their positions and manipulate price."
37,"The Naked Short Scam 3 - In Numbers Part Un - Apr. 21, 2021","by u/broccaaa",18,2021-08-04,original,market_dd,2,3,high,high,false,na,https://online.fliphtml5.com/lvrgy/eywz/,"The author uses machine learning to analyze options data, dark pool trading, and 13F filings to argue that major short funds created 140M+ hidden FTDs and up to 400M naked short shares via Deep ITM calls and married put trades between January and April 2021. The post presents analysis of options mechanics, fund positions, and trading patterns as evidence of systematic naked shorting and price manipulation, concluding that shorts face an 'unprecedented FTD squeeze' and are 'fucked.'"
38,"The Naked Short Scam 4 - In Numbers Part Duex - June 16, 2021","by u/broccaaa",16,2021-08-04,original,market_dd,3,3,medium,high,false,na,https://online.fliphtml5.com/lvrgy/wvej/,"Data-driven analysis of fails-to-deliver, short interest, options positions, and OTC trading anomalies in GME and linked meme stocks as of June 2021. Author argues naked shorting is hidden via ETF transfers and put options, presenting FTD charts, SI data, and 1.5M unusual put contracts at junk strikes opened in January. Compares GME to movie stock and headphone stock, finding GME shows far more evidence of structural manipulation. Predicts GME's departure from IWM Russell 2000 will ""explode the shorts' FTD juggling"" and speculates about Archegos-style swap exposure linking meme stock movements. Acknowledges interpretive uncertainty throughout."
39,"The Start of Swaps - Aug. 25, 2021","by u/broccaaa",16,2021-09-04,original,market_dd,3,3,high,medium,false,na,https://online.fliphtml5.com/lvrgy/dusg/,"Published Aug 2021, this post argues that hidden short positions in GME and other meme stocks were packaged into Total Return Swaps and later Portfolio Swaps to evade post-2008 regulation. The author analyzes meme-stock correlations, statistical modeling showing 73% R² predictability of GME from other meme stocks, and quarterly price cycles. Drawing on real swap mechanics and the Archegos collapse example, the post concludes that swaps-driven cycles create a structural trap for shorts with 'no way out,' though stops short of explicit MOASS prediction."
40,"Swapping Regulations for Offshore Risk - Aug. 26, 2021","by u/broccaaa",6,2021-08-29,original,macro_analysis,4,3,medium,high,false,na,https://online.fliphtml5.com/lvrgy/ongz/,"A post analyzing a 2018 academic paper by Prof. Michael Greenberger on cross-border swaps regulation. The author argues that U.S. banks exploited an unintended loophole in the CFTC's 2013 Dodd-Frank guidance: by 'deguarantying' foreign subsidiaries, major banks moved swaps activities offshore to avoid U.S. regulatory oversight. The post describes the regulatory history from the 2008 crisis through the loophole's emergence, notes the CFTC's failed attempt to close it under the prior administration, and calls on the newly confirmed SEC Chair Gary Gensler to enforce stricter enforcement under the Biden administration."
41,"The Bigger Short - June 16, 2021","by u/Criand",32,2021-07-23,original,wealth_advice,2,2,high,high,false,na,https://online.fliphtml5.com/lvrgy/qwpu/,"This 32-page analysis argues that the 2008 financial crisis was never resolved but merely postponed through regulatory measures, and that the same or worse conditions are repeating in 2021 with higher leverage across derivatives, commercial mortgages, and cryptocurrencies. The author claims COVID exposed fragility in bank balance sheets (revealed through SLR exemptions and reverse repo expansion), that CMBS mirrors subprime mortgage fraud, and that a market crash is imminent when emergency COVID protections expire. GameStop is framed not as the cause of collapse but as a symptom and potential wealth transfer from the financial system due to naked shorting and derivatives abuse."
42,"Estimated the Current SI","by u/Criand",14,2021-08-06,original,market_dd,2,2,high,medium,false,na,https://online.fliphtml5.com/lvrgy/tncy/,"A technical analysis attempting to estimate GameStop's actual short interest (SI%) by analyzing SI Report Cycles and Deep ITM call options volumes. The author proposes shorts are trapped in a biweekly reporting loop, using OTM puts to hide SI% and Deep ITM calls to satisfy FTDs with synthetic shares. Calculates potential SI% of 218-400% as of April 2021, far above the reported ~20%. Implies shorts face imminent margin call and MOASS."
43,"All Shorts Must Cover. Entering The Danger Zone - May 9, 2021","by u/criand",14,2021-09-04,original,wealth_advice,2,2,high,high,false,na,https://online.fliphtml5.com/lvrgy/spte/,"u/criand argues that GameStop shorts are entering a 'Danger Zone' due to rising price floors and weakening suppression efforts. The core mechanism is an SI reporting cycle: shorts hide positions before FINRA settlement dates to mask true short interest, creating periodic volatility spikes. Criand forecasts a margin call between $160–$350, proposes that new DTCC rules 002/801 are unnecessary for a squeeze, and concludes the MOASS is inevitable. The book combines real market data (Melvin's $2.75B bailout, January SI over 100%, documented price peaks) with speculative causal inferences about shorts' behavior and future price action."
44,"All Shorts Must Cover. The Danger Zone Part 2","by u/criand",20,2021-09-04,original,market_dd,2,2,high,high,false,na,https://online.fliphtml5.com/lvrgy/iryn/,"A September 2021 technical analysis arguing that GME price movements follow a predictable T+21 trading cycle, with parabolic moves tied to major options dates (January, April, July 2021). The author projects a $500 price floor by January 2022 based on floor increases of ~$30 per 'crabby' cycle and ~$80 per 'parabolic' cycle. The book argues shorts have not covered but are averaging up their positions, and face margin calls around $313 based on an assumed $156.57 average short price. The author also claims reverse repo market dysfunction ($500B+ levels) signals systemic financial distress that could cascade if shorts are forced to cover."
45,"The Fed is Pinned into a Corner - June 21, 2021","by u/criand",20,2021-08-07,original,macro_analysis,2,3,high,high,false,na,https://online.fliphtml5.com/lvrgy/unvp/,"U/criand's June 2021 analysis of Federal Reserve monetary policy argues the Fed is trapped between collateral depletion from years of QE and liquidity excess from COVID stimulus. The post accurately explains repo/reverse repo mechanics and documents real events (Sept 2019 repo crisis, SLR relief expiration, RRP growth) but speculates that the Fed is hiding a treasury shortage through accounting manipulation and faces imminent systemic collapse, predicting the economy is pinned in an unsustainable state requiring large-scale liquidations. GME's squeeze is framed as contingent on this macro collapse."
46,"Black Monday","by u/criand",14,2021-08-29,original,macro_analysis,2,3,high,high,false,na,https://online.fliphtml5.com/lvrgy/svip/,"Posted August 2021, this analysis predicts major market turbulence at Q2 quarter-end (June 28-30, 2021) based on reverse repo market stress, treasury shortages, and historical patterns of crashes on quarter-end Mondays. The author argues that forced bank/hedge fund defaults would cascade into short hedge fund covering of GameStop positions. Grounded in real market mechanics (QE, RRP operations, collateral pressures) but presents speculative chains of inference leading to imminent system collapse."
47,"Are Futures and Swaps the Secret Sauce to Price Movements?","by u/criand",10,2021-08-12,original,market_dd,2,3,high,high,false,na,https://online.fliphtml5.com/lvrgy/trgy/,"The author argues that synchronized price movements in meme stocks (GME, AMC, KOSS, BBBY, EXPR) are driven by futures contracts on equity index baskets containing these stocks. Using CME Group's published rollover dates, the author observes price spikes occurring near March and June 2021 rollover deadlines and hypothesizes that forced settlement of futures losses triggers these movements. The analysis connects this to Citadel's ownership stake in CME Group and suggests out-of-the-money puts serve as margin hedges. The author predicts that an August-September 2021 futures rollover cycle would trigger price runs potentially leading to a ""MOASS."""
48,"The Theory Of Everything","by u/criand",22,2021-08-29,original,market_dd,2,2,high,high,false,na,https://online.fliphtml5.com/lvrgy/zkzt/,"The book proposes that equity total return swaps conceal GameStop's reported short interest by allowing hedge funds to shift short exposure to counterparties (banks, market makers) without direct reporting. It argues quarterly futures roll cycles force these counterparties to hedge by buying underlying shares, creating predictable gamma squeezes. The theory connects in-the-money call anomalies (used to transfer positions), deep-out-of-money put hedges, and predicts increasingly violent cycles culminating in MOASS. The analysis uses derivatives mechanics and options data to construct a causal chain linking market structure to price movements."
49,"I Was Missing A Key Piece of the Puzzle - March 28, 2021","by u/jsmar18",14,2021-08-07,original,market_dd,2,2,high,medium,false,na,https://online.fliphtml5.com/lvrgy/uukc/,"u/jsmar18 analyzes HFT order types (IOC ISO, ALO, limit non-displayed) and proposes that Citadel and other market makers use these to manipulate GME price downward in order to cover FTDs at lower cost. The author speculates that unusual volume spikes visible on TD Ameritrade Think or Swim represent SLP (Supplemental Liquidity Provider) activity and claims this pattern can predict price movements. However, the post contains extensive post-publication edits (3/29/21) in which the author retracts the TD TOS volume theory, admits lack of proof for SLP market manipulation claims, and acknowledges that price prediction claims were 'stupid and dangerous.' The core thesis—that FTDs would cyclically spiral out of control—was not supported by subsequent events."
50,"How Financial Institutions are Using US Treasury Securities Nearly Caused the Market to Collapse - Apr. 2, 2021","by u/jsmar18",22,2022-02-12,original,market_dd,3,3,high,high,false,na,https://online.fliphtml5.com/lvrgy/iyku/,"This April 2021 post examines repo market mechanics, Federal Reserve collateral re-use data, and Treasury rehypothecation practices. The author cites Federal Reserve research showing collateral is reused ~7x and ~$2 trillion flows through rehypothecation, correlating increased Treasury repo activity with 2017-2020 Fed rate cycles. The post speculates that financial institutions have built fragility similar to pre-2008 through leveraged Treasury strategies. The author draws parallels to Michael Burry's cryptic references and suggests Citadel's subsidiary uses collateral chains extensively. However, the author explicitly disclaims the most extreme conclusions in other DD posts and acknowledges lacking evidence of fraud or historical context for the leverage ratios observed."
51,"Macroeconomics The GME Connection - Aug. 14, 2021","by u/jsmar18",10,2021-08-14,original,macro_analysis,2,3,high,high,false,na,https://online.fliphtml5.com/lvrgy/ypok/,"This August 2021 post explains how Federal Reserve policy, inflation, and rising interest rates affect housing, stock valuations, and—the author contends—GameStop. It correctly describes Fed mechanics (quantitative easing/tightening, discount rates), applies valuation theory to show why growth stocks suffer in inflationary environments, and illustrates housing affordability effects. The author then speculates that if stock prices decline due to rate hikes, margin calls could trigger a GME squeeze (\""the rocket\""). While the macroeconomic framework is sound, the core thesis—that rising rates cause a GME margin-call cascade—remains unsupported by hindsight: stock markets did decline in 2022, but no MOASS occurred and GME prices never approached squeeze levels."
52,"Cost Basis and Trade Price Issues - May 21, 2021 - SI Numbers and Naked Shorting - May 28, 2021","by u/dlauer",10,2021-11-05,compilation,market_dd,3,4,medium,high,true,uniform,https://online.fliphtml5.com/lvrgy/kxyn/,"Two posts by experienced market structure analyst u/dlauer examining GameStop and AMC dynamics from May 2021. The first provides technical education on broker back-office problems, cost basis reporting errors, and NBBO protections—concluding apparent anomalies reflect system incompetence rather than hidden shorting conspiracies. The second observes an AMC rally in real-time, discusses how sophisticated traders can exit short positions methodically, and challenges logical consistency in retail narratives about untrustworthiness of short interest data. Both posts emphasize data-driven reasoning and caution against narrative bias."
53,"Dark Pools, Price Discovery, and Short Selling/Marking - June 24, 2021","by u/dlauer",6,2021-08-04,original,guide_howto,4,4,low,high,false,na,https://online.fliphtml5.com/lvrgy/bmee/,"Dave Lauer explains dark pool mechanics and debunks the theory that dark pools enable hidden short selling or price suppression. He correctly describes regulatory requirements: all trades must be reported to TRF/SIP within 10 seconds regardless of venue, short-sale marking rules are identical on- and off-exchange, and market makers must mark shorts and ultimately locate shares. While debunking oversimplified suppression theories, Lauer acknowledges real structural problems: excessive off-exchange trading volume harms price discovery, PFOF creates intractable conflicts of interest, and market makers gain free-riding advantages through internalization that undermine on-exchange competition."
54,"FINRA Series by dlauer - Jun. 24 - Jul. 8, 2021","by u/dlauer",10,2021-11-07,compilation,market_dd,4,3,medium,high,true,uniform,https://online.fliphtml5.com/lvrgy/glgr/,"A three-part series by market-structure analyst u/dlauer examining FINRA's June-July 2021 guidance and enforcement actions on payment for order flow (PFOF). The author analyzes FINRA's push for brokers to prioritize price improvement over PFOF revenues, contextualizes a $70M fine against Robinhood for PFOF-related violations and operational failures, and argues that accepting PFOF creates an inherent mathematical conflict with best-execution obligations. The series suggests FINRA may be signaling imminent regulatory changes but expresses uncertainty about enforcement effectiveness."
55,"On Glitches - July 22, 2021 - Odd Lots - Aug. 11, 2021","by u/dlauer",10,2021-11-05,compilation,guide_howto,4,4,low,high,true,uniform,https://online.fliphtml5.com/lvrgy/wqzl/,"Two technical articles by Dave Lauer on market structure and data quality. The first clarifies the distinction between data processing problems on retail platforms versus serious market infrastructure failures, and lists legitimate concerns about shorting, FTDs, and conflicts of interest like PFOF. The second explains odd lot mechanics: that odd-lot quotes are excluded from the NBBO but odd-lot trades print to tape and must execute within NBBO under Reg NMS. Both articles provide factual explanations of market mechanics without making price predictions or speculating about squeezes."
56,"Citadel's Lawsuit Against the SEC Over IEX's D-Limit Order Type - Oct. 18, 2021","by u/dlauer",10,2021-11-05,original,market_dd,4,4,low,high,false,na,https://online.fliphtml5.com/lvrgy/izbt/,"An October 2021 market-structure essay by Dave Lauer analyzing Citadel's lawsuit against the SEC over IEX's D-Limit order type. The author explains the technical mechanism (a Crumbling Quote Indicator designed to mitigate latency arbitrage), documents broad industry support, and critiques Citadel's claim to represent retail investors—arguing that Citadel actually profits by trading against retail through payment-for-order-flow arrangements. The essay calls on retail investors to support IEX in the lawsuit."
57,"Order Routing Inducements - It's Not Just PFOF We Should Worry About - Nov. 2, 2021","by u/dlauer",6,2021-11-05,original,market_dd,4,4,low,high,false,na,https://online.fliphtml5.com/lvrgy/vzem/,"Market structure analysis by Dave Lauer critiquing order routing inducements, rebates, and conflicts of interest in equity trading. The post argues that brokers route orders to venues (exchanges, dark pools, wholesalers) based on rebates and PFOF rather than execution quality, exemplified by MEMX's subsidized high-rebate strategy and public subsidy of exchanges via SIP fees. Proposes that market structure should prioritize execution quality over inducements."
58,"Self Regulation, Complexity and Market Structure - Nov. 18, 2021","by u/dlauer",8,2021-11-18,original,macro_analysis,4,4,medium,high,false,na,https://online.fliphtml5.com/lvrgy/fdie/,"Dave Lauer examines structural conflicts of interest in US financial market regulation, arguing that self-regulatory organizations (SROs) like exchanges and FINRA have financial incentives to enforce lightly and create unnecessary complexity. He documents how for-profit exchanges maintain multiple copycat exchanges to maximize SIP fee revenue, keep the public data feed slow to sell faster proprietary feeds, and retain legal immunity enabling market segmentation. The piece argues enforcement remains fines rather than criminal prosecution or license revocation, and calls for ending self-regulation, overhauling the SEC, criminalizing violations, and simplifying market structure."
59,"The Sun Never Sets On Citadel: Part 1 - June 18, 2021","by u/swede_child_of_mine",12,2021-08-03,original,other,2,2,high,medium,false,na,https://online.fliphtml5.com/lvrgy/lclr/,"This strategic essay argues that Citadel, through acquisitions and its role as a global market maker across major exchanges, has deliberately consolidated market power into a de facto monopoly that enables direct control of securities prices. The author documents Citadel's presence at NYSE, NASDAQ, CBOE, and international exchanges, notes MM industry consolidation, and highlights the opening of MEMX by major MMs. The thesis chains these structural observations into claims about price manipulation and coordination with competitors like Virtu."
60,"The Sun Never Sets On Citadel: Part 2 - July 3, 2021","by u/swede_child_of_mine",16,2021-08-03,original,psychology_opinion,2,2,high,high,false,na,https://online.fliphtml5.com/lvrgy/edqq/,"Part 2 of a multi-part analysis arguing that Citadel Securities has positioned itself as the de facto market through order internalization via Citadel Connect (an unregulated SDP dark pool), creating systemic dependencies among brokers and exchanges. The author contends Citadel likely has an implicit regulatory 'deal' with the SEC and NYSE to control prices and prevent crashes in exchange for tolerated naked shorting. Core thesis: Citadel is now the market's 'immune system' and its failure would trigger systemic collapse. The MOASS is repeatedly delayed due to MMs capturing revenue from trading volume."
61,"The Sun Never Sets On Citadel: Part 3 - Oct. 1, 2021","by u/swede_child_of_mine",24,2021-10-01,original,market_dd,3,3,medium,medium,false,na,https://online.fliphtml5.com/lvrgy/ajqe/,"Part 3 of a multi-part analysis of Citadel Securities' market dominance. The author documents real market structures—market-maker operations, payment for order flow (PFOF), exchange fee models for speed/data access, and latency arbitrage—using cited examples (Kelleher congressional testimony, exchange pricing sheets) to argue that Citadel has built a de facto monopoly via dependencies across brokers, exchanges, and infrastructure. The author claims GME's price is artificially suppressed by this structure and positions DRS and understanding Citadel's operations as solutions, with promises that Part 4 will reveal 'wild' implications."
62,"The Sun Never Sets on Citadel Part 4 - June 17, 2022","by u/swede_child_of_mine",20,2022-06-17,original,market_dd,2,2,high,low,false,na,https://online.fliphtml5.com/lvrgy/enay/,"This 2022 due diligence post examines Citadel Securities' dominance in US equity markets, presenting data on its market-making volume, role as counterparty to retail trades, and relationship with competitor Virtu. The author explores conflicts of interest in payment-for-order-flow arrangements and suggests concentrated market-maker power creates systemic risks and potential regulatory capture. The argument is conveyed through fragmented presentation and rhetorical questions designed to guide readers toward conclusions about market manipulation and collusion, though supporting evidence remains primarily circumstantial."
63,"Citadel Has Hostages - July 6, 2021","by u/bladeace",8,2021-08-05,original,other,2,2,high,medium,false,na,https://online.fliphtml5.com/lvrgy/jxbx/,"A speculative essay attributing the January 2021 GameStop price spike's end to a conspiracy in which Citadel, holding failures to deliver, forced other brokers (especially Robinhood) to absorb its short position through settlement mechanics. The author argues regulators and market participants are secretly negotiating conditions to ensure Citadel is squeezed last, preventing systemic collapse. Uses real regulatory mechanisms (SHO threshold lists, 35-day settlement rules) to construct an explanatory theory for why the predicted MOASS has been delayed, framed as ongoing behind-the-scenes coordination among financial institutions and regulators."
64,"Citadel May Crash The Market Through Naked Shorting ETFs - Mar. 25, 2021","by u/northbalance",10,2021-09-04,original,psychology_opinion,2,3,high,high,false,na,https://online.fliphtml5.com/lvrgy/rmin/,"The author argues that Citadel and other authorized participants (APs) use operational shorting—selling nonexistent ETF shares and locating them later (up to T+6)—to suppress GME's price by shorting broad-market ETFs like XRT and IWM containing GME. Drawing on academic research by Richard Evans on ETF failures-to-deliver, the author claims this strategy is cheap and profitable for APs and signals excessive leverage approaching regulatory limits. The author concludes that this activity poses systemic financial risk and that Citadel faces imminent collapse due to overleveraged operational shorting across multiple ETFs."
65,"The Iliad of GME Technical Analysis and DD - Mar. 21, 2021","by u/HomeDepotHank69",18,2021-08-08,original,other,2,3,high,high,false,na,https://online.fliphtml5.com/lvrgy/iupf/,"A technical analysis post from March 2021 arguing that GME is poised for an imminent short squeeze driven by bullish volume, OBV trends, negative beta, and chart patterns. Distinguishes between gamma and short squeezes, claims the January run-up was not a true short squeeze, and predicts future FTD and catalyst-driven explosions to the 'moon.' Acknowledges short interest reporting opacity but speculates it may be 65%-900%. Uses standard technical indicators (MACD, Ichimoku, TTM Squeeze) to support a bullish near-term outlook and argues that retail diamond-handing has artificially limited supply."
66,"Helping You Understand Why MM-HFs Would Take These Crazy Risks - May 3, 2021","by u/HomeDepotHank69",8,2021-09-09,original,periodical_news,2,3,high,medium,false,na,https://online.fliphtml5.com/lvrgy/nqef/,"A May 2021 Reddit post explaining why hedge funds and market makers take extreme risks on GME through historical case studies of failed institutions. The author argues risk-taking is rational, not stupid: top executives at firms like LTCM, Lehman, SAC Capital, and Archegos escaped with wealth and connections despite catastrophic losses, facing minimal criminal or personal financial consequences. The article concludes that this consequence-free environment explains institutional willingness to bet heavily on GME, predicting the squeeze will grow larger precisely because executives have nothing to lose personally."
67,"GME Theory of Everything - May 6, 2021","by u/HomeDepotHank69",24,2021-08-04,original,market_dd,2,3,high,medium,false,na,https://online.fliphtml5.com/lvrgy/ywfr/,"HomeDepotHank69's synthesis argues that GameStop shorts are trapped in an unsustainable position by layered naked shorting and FTD cycles, evidenced by dark pool data and OTC activity published in FINRA records. The author integrates discussions of FTD mechanics, dark pool suppression, naked short obligations, and upcoming regulatory safeguards to argue that a squeeze is mathematically inevitable once share supply dries up or rules pass, enabling institutional entry. The post contains no price predictions but emphasizes the shorts' inescapable abyss and compares the situation to 2008-style derivative spirals."
68,"Hank Visits GME's Bermuda Triangle - May 11, 2021","by u/homedepothank69",18,2021-08-17,original,psychology_opinion,2,2,high,medium,false,na,https://online.fliphtml5.com/lvrgy/hlkj/,"A technical analysis post from May 2021 examining GME's consolidation patterns since the January squeeze. The author argues that GME is trapped in repeating triangle/wedge consolidations that consistently fail to break out despite bullish technical indicators like OBV. The post speculates about manipulation, whale positioning, or FTD-cycle effects as explanations for unusually low volume. It references earlier DD on FTD cycles and rule changes, predicts potential breakouts by mid-August 2021, and emphasizes confidence in DFV's long conviction as a bullish signal. The broader thesis suggests ""something is coming"" but remains non-committal on direction."
69,"Hanks Big Bang - Quant Apes Glitch the Simulation - June 7, 2021","by u/HomeDepotHank69",20,2021-08-04,original,periodical_news,2,3,high,medium,false,na,https://online.fliphtml5.com/lvrgy/xmqn/,"The post argues that correlated price movements across meme stocks (GME, AMC, etc.) and cyclical fail-to-deliver patterns prove that shorts have not covered their positions. Using statistical correlation analysis, OTC volume data, and historical short interest charts, the author contends that naked shorting by hedge funds created systemic risk, prompting January 2021 broker buying restrictions. The post analyzes FED monetary policy (QE, low rates) as enabling aggressive shorting, presents FTD cycles as a predictable cover-reset pattern, and speculates about total return swaps and algorithmic coordination. It predicts MOASS will arrive when hedge funds face margin calls, cautioning that earnings or shareholder meetings may not trigger the squeeze directly."
70,"The T-35 Cycle Theories - June 4, 2021","by u/dentisttft",48,2022-03-22,original,market_dd,2,3,high,medium,false,na,https://online.fliphtml5.com/lvrgy/lkfx/,"A technical deep dive into the T+35 settlement cycle theory for GME. The author analyzes SEC-reported fails-to-deliver (FTD) data across settlement periods (January–July 2021), arguing that predictable FTD settlement cycles trigger coordinated price squeezes. The book proposes mechanisms by which ETF shorting suppresses GME during rallies and uses options strategies (puts) to prevent upward price movement, claiming these cycles offer predictive power for future price spikes. The author predicts imminent squeezes within weeks."
71,"FTD Cycle Reset Theory","u/Leenixus",10,2021-08-08,original,psychology_opinion,2,2,high,medium,false,na,https://online.fliphtml5.com/lvrgy/hzxe/,"u/Leenixus proposes that GameStop short interest holders execute predictable FTD reset cycles at regular intervals (T+14, T+19, T+21, T+35 days), deliberately re-shorting and covering to hide fails-to-deliver. The author claims pattern recognition from historical price data allows prediction of future price movements and argues a single entity is coordinating these tactics. A 'Linear Margin Call Trigger Price' theory suggests shorts must maintain price below a specific threshold. Specific predictions are offered for future cycles, though presented with ±1-4 day uncertainty and multiple possible scenarios. The author explicitly frames the analysis as speculative with acknowledged data limitations."
72,"Cycles and DTCC-NSCC Stuff - Aug. 10, 2021","by u/leenixus",20,2021-08-10,original,market_dd,2,2,high,high,false,na,https://online.fliphtml5.com/lvrgy/hfui/,"The essay examines purported cyclical patterns in GME trading correlated to DTCC/NSCC settlement cycles, specifically Supplementary Liquidity Deposit (SLD) periods tied to options expiration. It argues that SLD deposits trigger predictable intramonth and quarterly price movements. The author also discusses calendar-day cycles (T+21/T+35, relabeled C+21/C+35) but concedes these had diminishing predictive power by mid-2021. The text explores DTCC clearance system mechanics, speculating on theoretical mechanisms by which short positions and failed trades might be concealed through CNS exemptions, Obligation Warehouse transfers, and X-REORG exemptions. It concludes by suggesting that Ryan Cohen could trigger a forced short covering event via corporate reorganization, though the system has built-in protections that could block such a trigger."
73,"Darkpool & OTC Trades - GME & XRT Visualized - Aug. 19, 2021","by u/Leenixus",12,2021-08-19,original,market_dd,2,3,high,medium,false,na,https://online.fliphtml5.com/lvrgy/egis/,"A technical analysis of FINRA transparency data on OTC and darkpool GME trading volumes (as of August 2021), identifying major trading firms (Citadel, Virtu, Goldman Sachs) and venues by order volume. The author notes that XRT, an ETF containing GME, is the most actively traded GME-related ETF in these venues but concludes volumes are insufficient to substantially impact the stock via redemptions. The post includes speculative claims about VTI lending, Russell reconstitution settlement anomalies, and a predicted September 1 'nuke' event, which the author acknowledges as unproven tinfoil theories."
74,"GME & Evidence of Predictable Cycles - Nov. 15, 2021","by u/leenixus",48,2021-11-17,original,other,2,3,high,high,false,na,https://online.fliphtml5.com/lvrgy/dnhd/,"This three-part analysis proposes that GME exhibits predictable 90-day price cycles driven by NSCC Supplemental Liquidity Deposit (SLD) clearing schedules aligned with quarterly options expiration in February, May, August, and November. The author links January 28 trading restrictions to SLD depletion, describes potential variance/volatility swap hedging via far out-of-the-money options, and provides trading strategies to exploit these cycles. While the document accurately describes real NSCC/DTCC clearing mechanisms and correctly identifies the January 2021 gamma squeeze component, its core prediction of recurring 90-day cycles failed to materialize post-August 2021, and the specific November 23, 2021 runup prediction did not occur. The variance swap thesis remains unsupported despite the author's admission of finding no corroborating evidence in DTCC databases."
75,"The Next GME Option Clearing Cycle & GME Bull Run - Jan. 10, 2022","by u/Leenixus",24,2022-02-12,original,market_dd,2,3,high,high,false,na,https://online.fliphtml5.com/lvrgy/piir/,"Claims GME's stock price follows a predictable 90-day quarterly cycle tied to NSCC/DTCC options clearing mechanics and Supplemental Liquidity Deposit (SLD) requirements. The author argues cycles peak around the 3rd Friday of February, May, August, and November, with major runups occurring the following Tuesday. The January 28, 2021 trading halt is reframed as an SLD demand rather than a margin call. The author presents evidence of predicted runups in August 2021 (2 days prior), November 2021 (1 week prior), and February 2022 (1 month prior), attributing the pattern to automated NSCC/DTCC clearing and netting processes combined with retail options activity."
76,"The Compendium of Wrinkles - Correlating Different Theories Jan. 14, 2022","by u/bobsmith808",30,2022-02-12,original,market_dd,2,3,high,high,false,na,https://online.fliphtml5.com/lvrgy/nyec/,"A meta-analysis synthesizing multiple GME theories (T+cycle settlement rules, SLD deposits, futures rolls, variance swaps, ETF mechanics) published January 2022. The author correlates these mechanisms to argue cyclical price action and claims extreme short interest persists, including a debate on whether MOASS is inevitable or merely possible. Presents options and futures mechanics accurately but links them to predictive squeeze cycles that repeatedly failed to materialize."
77,"Collection of Updates on FTDs and Cycles by bobsmith808","by bobsmith808",56,2022-02-12,compilation,market_dd,2,2,high,high,true,uniform,https://online.fliphtml5.com/lvrgy/cval/,"Collection of nine posts by bobsmith808 (June 2021–January 2022) analyzing GameStop's fails-to-deliver cycles and proposing that T+21/T+35 settlement cycles, Supplemental Liquidity Deposits, and options trading predictably drive price movements. The author claims institutional actors use deep in-the-money calls and out-of-the-money puts to hide short positions and suppress price, predicting multiple imminent squeezes. Posts include FTD data compilations, cycle mapping, and technical analysis. The author disclaims financial advice and invites peer review. However, cycle-based predictions repeatedly fail to materialize; by page 25, the author admits the correlation 'seems to stop' after January 2021 and questions whether key cycles are real."
78,"Taste the Rainbow - March 10, 2022","by u/TiberiusWoodwind",40,2022-04-08,original,psychology_opinion,3,2,high,high,false,na,https://online.fliphtml5.com/lvrgy/fhlb/,"Technical analysis of GME price movements using Fibonacci retracements and channel analysis from January 2021 through March 2022. The author draws multiple price channels and Fibonacci lines on price charts spanning the 'Sneeze' (Jan 27-28, 2021) and subsequent moves, arguing that price repeatedly bounces off previously-drawn levels. References to DOMP options, futures, and swap contracts suggest a hidden mechanical structure predetermining price levels. The author explicitly disclaims predictive intent, stating 'I don't know what will happen next' and noting they 'just talk about what has occurred.'"
79,"The Algorithm I Think I Figured It Out - July 8, 2021","by u/PWNWTFBBQ",14,2021-09-03,original,periodical_news,2,2,high,high,false,na,https://online.fliphtml5.com/lvrgy/sydz/,"The author claims to have identified a repeating 90-day algorithmic pattern in GME's stock price movements by overlaying candlestick data from March/April 2021 with June/July 2021 data. Using visual pattern-matching and R² regression analysis, they argue the patterns are statistically identical and caused by a hidden shorting algorithm. They predict this pattern will continue, driving price to $210 resistance, then higher levels toward a 'moon' price. The work dismisses traditional technical analysis and attributes price trends to algorithmic manipulation rather than retail buying pressure or fundamental factors."
80,"The Algorithm Has Been Doing This Shit For Years - Aug. 2, 2021","by u/PWNWTFBBQ",18,2021-08-14,original,psychology_opinion,2,3,high,medium,false,na,https://online.fliphtml5.com/lvrgy/yxnf/,"The post argues that Citadel (\""C***-KEN era\"" ~2008) and Melvin Capital (\""McDICK era\"" ~2015) have systematically manipulated GME through married options and algorithmic tactics, creating predictable price-volume cycles spanning years. The author analyzes historical FTD and volatility data from 2007-2020, correlating inverse VIX movements, identifying quarterly volume spikes, and observing repeating OBV patterns. The core thesis is that this manipulation persists into August 2021 and predicts an impending squeeze, with the claim that \""even the dates are basically the fucking same\"" in the cycles."
81,"The Algorithm - The Ouroboros 1-2 - Nov. 18, 2021","by u/pwnwtfbbq",42,2021-11-18,original,market_dd,2,3,high,high,false,na,https://online.fliphtml5.com/lvrgy/aomo/,"An engineer with statistics background argues that GME's price has been manipulated by the same high-frequency trading algorithm since 2002. Part 1 proposes quarterly cycles driven by historical dividend dates and options activity, predicting a November 23, 2021 squeeze. Part 2 presents historical data analysis claiming systematic control via anomalous $0.25 OHLC clustering (2003, 2021), close/open prices showing non-random precision independent of volume, and past price patterns being 'mirrored' in 2021. The core thesis is that 2021 data has been 'prewritten' by extrapolating decades-old algorithmic patterns."
82,"The Shell Game - Apr. 21, 22, and 25, 2021","by u/augrr",34,2021-08-14,original,market_dd,2,3,high,high,false,na,https://online.fliphtml5.com/lvrgy/nywm/,"Four-part post series examining FTDs (failures to deliver) on GME and related ETFs. Author argues that FTDs are not simply reset but represent naked short positions, and that Authorized Participants use ETF borrowing and operational shorting to hide massive short obligations. Claims GME FTDs are 100x-1000x larger than market baseline, implying inevitable forced cover and price explosion. Predicts imminent squeeze tied to Rule 15c3-3 compliance deadlines (April 22, 25, 29, 2021) and June shareholder meeting."
83,"Why Are We Trading Sideways? - Apr. 5, 2021","by u/c-digs",38,2021-08-05,original,other,2,2,high,high,false,na,https://online.fliphtml5.com/lvrgy/jdwy/,"A three-part post (April–August 2021) theorizing that DTC, OCC, SEC, and major financial institutions are deliberately suppressing GME's price while coordinating through new regulatory rule changes to 'firewall' non-defaulting members before forcing a coordinated liquidation of short sellers' assets. The author argues shorts maintain hidden positions via FTDs and dark pools, volume is suppressed by institutional coordination, and a massive squeeze is 'scheduled' to begin once regulatory framework is complete. Part III introduces skepticism, suggesting shorts may have found indefinite suppression methods."
84,"The MOASS Is Not A Straight Line - May 23, 2021","by u/Magistricide",8,2021-11-07,original,psychology_opinion,2,2,high,high,false,na,https://online.fliphtml5.com/lvrgy/bxzw/,"This May 2021 Reddit post argues that a ""MOASS"" (Mother of All Short Squeezes) targeting $10 million per share will occur but not as a straight-line price increase. The author contends that Citadel, DTCC, and major banks will deploy margin calls, regulation rollbacks (DTC-005 withdrawal), and naked shorting to suppress price during the squeeze. It describes margin call mechanics, NSCC rules, and bank liquidity fears. The post urges retail investors to ""HODL"" through dips, diversify across brokerages, and exit only when criminal accountability occurs, framing the scenario as a battle against systemic financial corruption with existential stakes for the global economy."
85,"Simian Game Theory - May 7, 2021","by u/mrrippington",8,2021-08-17,original,psychology_opinion,2,2,high,high,false,na,https://online.fliphtml5.com/lvrgy/udbq/,"The book applies game theory (Prisoner's Dilemma) to argue that GME holders must maintain community unity and coordinate to 'sell on the way down' rather than individually sell on the way up. Using Kahneman's fast/slow thinking framework, the author claims emotional early selling harms collective returns during the anticipated MOASS, and that internal discord—not external forces—poses the greatest risk. The thesis assumes an unprecedented price squeeze will occur and that retail coordination can influence algorithmic behavior."
86,"COINTELPRO Techniques for Dilution, Misdirection and Control of an Internet Forum - Apr. 16, 2021","by u/jakob-xavier",16,2021-09-05,compilation,guide_howto,2,2,high,high,true,mixed,https://online.fliphtml5.com/lvrgy/ubxi/,"A compilation of educational guides on forum manipulation and disinformation tactics, including reprinted materials on COINTELPRO history, rules of disinformation, traits of disinformationalists, and methods for identifying infiltrators in activist communities. Posted to r/Superstonk to help readers recognize potential coordinated bad-faith actors. Draws from historical accounts and behavioral observation without empirical research."
87,"Anatomy of a Short Squeeze - Apr. 11, 2021","by u/franciscogil90",12,2021-08-17,original,psychology_opinion,2,2,high,high,false,na,https://online.fliphtml5.com/lvrgy/aany/,"A theoretical analysis using Gaussian distributions and statistical reasoning to model how a short squeeze might unfold. The author argues that with extremely high short interest (300%+) combined with retail holding, GME could reach million-dollar price levels. Uses moving averages to show the January 2021 squeeze followed a predictable pattern and concludes retail should hold indefinitely as the price will eventually reach their target. Built on unproven assumptions about sustained short interest levels."
88,"Critical Thinking from a Psychology Academic - Apr. 18, 2021","by u/Makataui",12,2021-08-14,original,guide_howto,4,3,medium,medium,false,na,https://online.fliphtml5.com/lvrgy/xewz/,"A pedagogical essay by a claimed UK psychology academic teaching r/Superstonk members critical thinking methodology. Covers spurious correlations, breaking complex claims into components, first principles thinking, and always considering alternative hypotheses. Uses deep ITM calls and FTD resets as illustrative thought experiments but focuses primarily on teaching analytical frameworks rather than making specific market claims or predictions."
89,"Managing Behavior During a Short Squeeze - Mar. 7, 2021","by u/oaf_king",8,2021-11-05,original,psychology_opinion,2,2,high,high,false,na,https://online.fliphtml5.com/lvrgy/slcx/,"A behavioral finance guide arguing that GME shareholders should prepare psychologically for an anticipated short squeeze by resetting expectations about possible share prices ($100k+), understanding hedge fund tactics (FUD campaigns, forum infiltration, ladder attacks), managing fear and greed emotions, and maintaining discipline during holding. The author uses Miyamoto Musashi's military philosophy as a framework, equating shareholders with a defensive ""mountain"" holding steady against a fluid ""sea"" of hedge fund tactics. The piece encourages forming a list of dreams for windfall spending and maintaining composure across three hypothetical phases: the squeeze's beginning, its active course, and victory aftermath."
90,"PsyOps - The Firehose of Falsehood - Jan. 4, 2022","by u/infj-t",12,2022-03-22,original,psychology_opinion,2,2,high,low,false,na,https://online.fliphtml5.com/lvrgy/yubu/,"The book examines 'The Firehose of Falsehood' as a disinformation strategy and explores how propaganda and media manipulation operate in financial markets. It discusses techniques that exploit familiarity bias to spread misleading narratives, connects these tactics to pump-and-dump schemes, and makes sweeping claims about corruption in financial institutions. The visible text touches on real psychological principles but presents conclusions conspiratorially without substantive evidence development."
91,"Predatory Human Behaviors & Counter-Tactics - Mar. 14, 2021","by u/eff-robinhood",8,2021-09-07,original,psychology_opinion,2,2,high,high,false,na,https://online.fliphtml5.com/lvrgy/xzgu/,"An essay applying Cluster B personality disorder analysis to hedge funds engaged in GME shorting, arguing that short-covering has not occurred and a squeeze remains probable. The author, claiming military and behavioral research expertise, frames retail resistance as holding 'the high ground' and warns against emotional manipulation tactics (appeals to children, love-bombing) designed to induce selling. The core thesis interprets market behavior as evidence of short desperation and predicts continued squeeze probability if investors hold."
92,"GME Apes Cultural Due Diligence","by u/Blanderson_Snooper",41,2021-08-06,original,psychology_opinion,2,2,high,high,false,na,https://online.fliphtml5.com/lvrgy/bkhw/,"A cultural and sociological analysis of the GME retail community framed as due diligence. The author applies Martin Gurri's theory of networks versus hierarchical institutions to argue that retail's transparent information-sharing will overcome institutional authority and trigger a squeeze if the community holds together. The work conflates documented market vulnerabilities (rigging, information asymmetry) with speculative outcomes (institutional collapse, government reconfiguration, MOASS). No MOASS occurred by mid-2026; the core prediction that community solidarity would force a squeeze and systemic change failed despite the community's persistence."
93,"The Wargame Theory","by u/Blanderson_Snooper",116,2021-08-14,compilation,other,2,2,high,high,true,mixed,https://online.fliphtml5.com/lvrgy/jhdv/,"This compilation presents an elaborate theory that GME's price action reflects a coordinated 'wargame' between Citadel and institutional 'Goods' (BlackRock, Ryan Cohen, government), with retail as the battleground. The author argues hidden short interest vastly exceeds reported levels through married puts, dark pools, Total Return Swaps, and a secret 'Voltron Fund' network of 100+ hedge funds. It predicts an imminent MOASS preceded by a 'Mother of All FUD' campaign, with price plateaus during margin calls on shell companies. The work cites SEC filings and market data but interprets normal institutional holdings patterns as evidence of conspiracy. Technical claims contain errors (TRS mechanics) caught by readers."
94,"The DTCC is Finished - July 2, 2021","by u/JustBeingPunny",8,2021-08-04,original,psychology_opinion,2,2,high,medium,false,na,https://online.fliphtml5.com/lvrgy/kjit/,"A July 2021 Reddit post arguing the DTCC has covered up endemic naked shorting of GameStop using CEBEs (Counterfeit Electronic Book Entries), which it characterizes as a reverse Ponzi scheme. The author claims that a non-standard dividend would force the DTCC to reconcile its books and compel shorts to close, triggering MOASS. The piece presents book-entry settlement as deliberate fraud and predicts the DTCC will collapse when the scheme is exposed. It draws on naked shorting as a real market phenomenon but misunderstands dividend mechanics and securities settlement law."
95,"Security-Based-Swaps or Susquehanna-Be-Scared - April 4, 2022","by u/JustBeingPunny",8,2022-04-06,original,market_dd,2,1,high,low,false,na,https://online.fliphtml5.com/lvrgy/qvex/,"This April 2022 post examines security-based swaps (SBS) as a potential mechanism by which short hedge funds, particularly Susquehanna, may hide or amplify short positions in GME. The author references SEC beneficial ownership reporting rules and frames SBS as evidence of coordinated shorting infrastructure. The work treats swaps as an emerging component in the broader theory of hidden short interest and manipulation."
96,"The Dollar Endgame Part 1 - A New Rome - June 21, 2021","by u/peruvian_bull",24,2021-08-05,original,macro_analysis,2,3,high,high,false,na,https://online.fliphtml5.com/lvrgy/plwk/,"A four-part macroeconomic essay arguing that the US is in terminal monetary decline and hyperinflation is imminent. Part 1 traces the history of the Bretton Woods agreement, the petrodollar system, and dollar hegemony, concluding that excessive debt and currency debasement make a financial catastrophe inevitable. The author draws parallels to Rome's fall via coin debasement and frames the current system as reaching a breaking point where foreign creditors will flee the dollar, triggering 30%+ interest rates and systemic collapse."
97,"The Dollar Endgame: Part 2 - The Ouroboros - June 24, 2021","by u/peruvian_bull",22,2021-08-05,original,macro_analysis,2,3,high,high,false,na,https://online.fliphtml5.com/lvrgy/pfjt/,"A technical deep-dive into derivatives markets, systemic risk, and financial instability. Part 2 of a 4-part series, the book traces the historical development of Value-at-Risk models, examines Black Monday 1987 as a feedback-loop failure, and argues that derivatives have created an interconnected financial system prone to catastrophic collapse. The author presents derivatives as weapons of financial destruction held in place only by continuous Fed liquidity and confidence. Core claim: the system is fundamentally fragile and collapse is imminent without continued monetary expansion."
98,"The Dollar Endgame: Part 3 - The Money Machine - July 9, 2021","by u/peruvian_bull",26,2021-08-05,original,macro_analysis,2,3,high,high,false,na,https://online.fliphtml5.com/lvrgy/ploi/,"This essay argues the US is at the end of an 80-100 year debt supercycle and contends that hyperinflation is imminent. The author explains fractional reserve banking, historical debt cycles, and central bank mechanics, comparing current conditions to the pre-Great Depression era and Weimar Germany. Key arguments: the 2008 financial crisis was merely papered over with additional debt rather than resolved; the Fed's trillions in new money flowed to banks and financial assets rather than the real economy, inflating valuations; and the US faces unpayable debt burdens with interest costs eventually exceeding tax revenues. The author predicts a forced choice between deflationary depression or inflationary collapse, claiming central banks cannot escape the trap. Published July 2021 as Part 3 of a four-part series with GME investment framing."
99,"The Dollar Endgame Part 4 - At World's End - Sept. 13, 2021","by u/peruvian_bull",58,2021-11-16,original,macro_analysis,2,3,high,medium,false,na,https://online.fliphtml5.com/lvrgy/pmqj/,"The Dollar Endgame Part 4 (Sept 2021) argues that US hyperinflation has already begun, drawing extensive historical parallels to Weimar Germany's 1921-1923 collapse. The author applies a debt-supercycle framework to claim the Fed faces an impossible choice: destroy the dollar through money-printing or destroy Treasury via rate hikes. The bulk of the text provides a detailed, well-sourced narrative of Weimar's inflation spiral, then claims the US faces identical structural conditions (unpayable debt, deficit monetization, capital flight, political instability) leading to inevitable hyperinflation."
100,"The Dollar Endgame: Part 5 - Enter the Dragon 11.30.22","by u/Peruvian_Bull",31,2023-03-10,original,macro_analysis,2,3,high,high,false,na,https://online.fliphtml5.com/lvrgy/whof/,"Part 5 of 'The Dollar Endgame' series argues that US hyperinflation is inevitable due to unsustainable unfunded liabilities (~$163 trillion per Cato Institute), political gridlock preventing fiscal reform, and monetary policy forced toward unlimited money printing. The text presents a chain of causal logic: deficit spending, central bank financing, money velocity acceleration, currency devaluation, and eventual hyperinflationary collapse. Historical analogs to Weimar hyperinflation and discussions of Fed 'lender of last resort' dynamics frame the argument as a mathematically inevitable outcome of fractional reserve fiat systems without reform."
101,"Reverse Repo Hitting $1T is Just the Tip of the Iceberg - Aug. 4, 2021","by u/peruvian_bull",18,2021-08-04,original,macro_analysis,3,4,medium,high,false,na,https://online.fliphtml5.com/lvrgy/iane/,"The book argues that the Federal Reserve's reverse repo facility hitting $1 trillion in July 2021 signals systemic stress in the banking and shadow banking systems. The author identifies three drivers: (1) loss of faith in primary dealers as Money Market Funds flee to the Fed due to rising bank credit default swap rates; (2) collateral shortage caused by Treasury drawing down its TGA account, debt ceiling constraints, and expiration of the Supplementary Leverage Ratio exemption; and (3) the Fed's massive Treasury purchases ($80B/month) absorbing pristine collateral. The author warns these dynamics risk destabilizing money markets and triggering a financial crisis similar to 2008."
102,"Stagflation is Here - May 6, 2022","by u/peruvian_bull",12,2022-05-22,original,macro_analysis,3,2,medium,low,false,na,https://online.fliphtml5.com/lvrgy/ajsc/,"Post argues that stagflation (slow economic growth with high inflation) is arriving and will force the Federal Reserve to raise rates and taper its balance sheet. Analyzes historical patterns of Fed taper cycles and their effects on bond valuations, equity markets, and real incomes. Positions economic conditions as a catalyst for broader market repricing and potential volatility."
103,"Where are the Shares","by u/leavemeanon",28,2021-08-07,original,market_dd,2,3,high,medium,false,na,https://online.fliphtml5.com/lvrgy/zcip/,"A three-part technical analysis of GME short selling via ETF arbitrage, options hedging, and high-frequency trading. The author argues that Citadel and other Authorized Participants exploited SEC exemptions to conduct massive naked short selling hidden within ETF creation/redemption cycles, options-based synthetic positions, and FTD rolling schemes. The book claims this activity was deliberately designed to bankrupt GameStop, and that if the short position goes uncovered, GME's illiquidity will trigger extreme price appreciation. Includes detailed explanations of market mechanics alongside speculative inference about hidden share counts and future squeeze scenarios."
104,"A Castle of Glass - Game On, Anon - July 14, 2021","by u/3for100specials",24,2021-09-11,original,market_dd,2,2,high,high,false,na,https://online.fliphtml5.com/lvrgy/jmnw/,"The post argues that GameStop shares are being systematically hidden through Exchange-Traded Funds (ETFs), facilitated by Federal Reserve reverse repo transactions. The author traces a speculative connection between GameStop's NFT initiatives, a phrase 'Game On, Anon' from the company's website, and evidence that GameStop is planning transition to a blockchain-based financial system via the Index Cooperative. The central thesis posits GameStop as a mechanism to disrupt traditional banking and market structures, with the financial system characterized as a fragile 'Castle of Glass' on the verge of collapse."
105,"The Glass Castle - New Game + - Sept. 8, 2021","by u/3for100specials",16,2021-09-11,original,wealth_advice,2,3,high,high,false,na,https://online.fliphtml5.com/lvrgy/ewva/,"This September 2021 post argues that GameStop will issue blockchain-based fractional NFTs via Loopring that bypass traditional markets and force a short squeeze across dual platforms. Drawing on accurate descriptions of DTCC structure and Overstock's blockchain dividend precedent, the author speculates that cryptic prospectus language, strategic hiring, and Loopring partnership prove GME plans NFT equity issuance triggering systemic shorts collapse. While foundational market mechanics and Loopring connections were factually grounded at publication, the core prediction—dual-market NFT securities triggering a squeeze—never occurred. GME's NFT marketplace launched 2022 and shut down 2024 with no blockchain equity securitization; the stock peaked at $65 in mid-2024 with no MOASS."
106,"Inflation: The Match that will Light the Fuse to our Rocket","by u/dismal-jellyfish",22,2021-08-08,original,macro_analysis,2,4,high,high,false,na,https://online.fliphtml5.com/lvrgy/gptg/,"This August 2021 post argues that surging inflation and negative real yields on investment-grade bonds create a liquidity crisis forcing financial institutions to use Reverse Repo heavily. The author theorizes this pressure will ultimately force shorts into margin calls and forced liquidation, triggering a ""Mother of All Short Squeezes."" While the analysis correctly uses CPI, PCE, and bond yield data to demonstrate negative real returns in mid-2021, the causal chain from inflation dynamics to MOASS is speculative. The post also predicts a housing bubble collapse and warns of Weimar-level hyperinflation risks if the Fed continues stimulus."
107,"The Long Con - June 22, 2021","by u/con101smd",78,2021-08-04,original,macro_analysis,2,2,high,medium,false,na,https://online.fliphtml5.com/lvrgy/xfkv/,"The Long Con argues that hedge funds (particularly Citadel) exploited cryptocurrency leverage, tokenized synthetic assets, and regulatory loopholes (NSCC 802) to hide short-seller cash, pump-and-dump crypto to purchase GME FTDs at discounted prices, and defer delivery obligations via synthetic-asset futures contracts. The author documents regulatory filings, employment histories linking FTX to Citadel and Robinhood, DeFi yield-farming mechanics, and observed price correlations between GME and major cryptocurrencies, inferring a coordinated shadow-banking cartel designed to manipulate Fails-to-Deliver timelines and forestall a market cascade."
108,"Through the Looking Glass","u/con101smd",62,2021-08-04,original,other,2,3,high,medium,false,na,https://online.fliphtml5.com/lvrgy/bblk/,"A persona-driven due diligence post that weaves together technical topics—SWIFT/ISO 20022 banking infrastructure, machine learning in finance, high-frequency trading, and quantum computing via D-Wave systems—to argue that hedge funds must be using quantum annealing algorithms to manage their GameStop short positions in response to retail buying pressure. The text correctly describes real technologies but makes speculative inferential leaps connecting them to GME narratives without substantiating evidence."
109,"The March To Zero Liquidity - May 3, 2021","by u/Suspicious-Singer243",12,2021-08-15,original,market_dd,2,2,high,high,false,na,https://online.fliphtml5.com/lvrgy/jsnj/,"The post argues that Citadel suppressed GME's open-market volume by routing buy orders through dark pools, creating an 'unnaturally thinly traded stock' approaching theoretical zero liquidity. Using NASDAQ historical volume data, the author documents a significant decline in trading volume from the January 2021 squeeze peak. The post predicts this trajectory toward zero liquidity will create extreme volatility and slippage, ultimately forcing short hedge funds to add liquidity to the market or face collapse within approximately five trading days. A second part continues this analysis with additional trading pattern data showing first-hour volume at historic lows."
110,"The Big Picture Due Diligence - Apr. 17, 2021","by u/plants69",14,2021-09-11,original,market_dd,2,3,high,high,false,na,https://online.fliphtml5.com/lvrgy/dvhl/,"Comprehensive GME due-diligence presentation arguing for an imminent, unprecedented short squeeze. The post claims institutional ownership exceeding 140% proves widespread naked shorting has created 300-500% hidden short interest. It identifies catalysts (share recall, crypto dividend, DTCC/SEC rules) expected to trigger the squeeze, and connects GME's situation to broader systemic risks from Citadel's alleged treasury-market shorting. While acknowledging speculation, the analysis cites market-structure mechanics (dark pools, deep-ITM calls, ETF shorting) as evidence."
111,"The Most Manipulated Stock - Apr. 23, 2021","by u/plants69",12,2021-09-11,original,market_dd,3,4,medium,medium,false,na,https://online.fliphtml5.com/lvrgy/jwlq/,"Comprehensive analysis of GME price manipulation mechanisms including OTC trading, wash sales, dark pool routing, married puts, and fails-to-deliver. Post documents real market practices (PFOF, OTC routing, dark pools) with citations to FINRA data and SEC enforcement records, and argues these were coordinated to suppress GME's price and hide massive naked shorts. Includes historical examples (Citadel's 2014 wash sales fine) and references to potential hidden FTD schemes via deep ITM calls."
112,"The Imminent Liquidity Crisis & Reverse Repos Usage - May 20, 2021","by u/plants69",6,2021-09-11,original,macro_analysis,2,3,high,medium,false,na,https://online.fliphtml5.com/lvrgy/yaco/,"A May 2021 r/Superstonk post analyzing Federal Reserve reverse repo usage and predicting an imminent liquidity crisis. The author presents Fed data showing reverse repos spiking to $351 billion and argues the Fed is trapped between tapering the money supply or risking hyperinflation. The post connects this crisis to GameStop, predicting that liquidity-starved institutions will be forced into margin calls and forced liquidation of short positions. Uses informal explanations with banana metaphors alongside real Fed statistics."
113,"SHFs and MMs are Coordinating to Keep GME from returning to the NYSE Threshold Securities List","by u/plants69",10,2021-08-16,original,market_dd,3,3,high,high,false,na,https://online.fliphtml5.com/lvrgy/ntgw/,"Reddit DD post hypothesizing that GME's placement on the NYSE Threshold Securities List (Sept 2020–Feb 2021) triggered the January 2021 price spike, and arguing that short hedge funds and market makers have since coordinated to keep GME off the list through mechanisms including dispersing FTDs across ETFs, hiding shorts in derivatives, and exploiting market maker exceptions in Reg SHO. The author provides accurate descriptions of regulatory rules and market mechanics but relies heavily on speculative inference about coordination and causation."
114,"Amazon, Bain Capital, and Citadel Bust Out the Competition","by u/jumpster81",16,2021-09-02,original,other,2,2,high,medium,false,na,https://online.fliphtml5.com/lvrgy/uxom/,"The author proposes that Amazon, Bain Capital, and Citadel form a coordinated conspiracy to destroy retail competitors through orchestrated 'bust-out' schemes. The theory alleges that Bain Capital uses leveraged buyouts to load companies with debt, while Citadel engages in naked shorting to artificially depress stock prices, enabling hostile takeovers and asset stripping. Historical examples include Toys R Us and KB Toys. The book frames Citadel as providing the mechanism (fake shares) while Amazon identifies targets and benefits from competition elimination."
115,"Hedge Funds Stole the American Economy and Created the Richest Man in the World","by u/avidtreesfan",16,2021-09-02,original,wealth_advice,2,2,high,high,false,na,https://online.fliphtml5.com/lvrgy/idxz/,"A September 2021 Reddit DD post arguing that hedge funds orchestrated a multi-decade scheme to naked-short Amazon competitors (Toys R Us, Sears, Borders) while holding long Amazon positions, artificially inflating AMZN stock and destroying retail employment. The author, a GME investor, traces Jeff Bezos's career at D.E. Shaw hedge fund and connects corporate bankruptcies, private equity acquisitions, and board-of-director relationships into a conspiracy narrative, implying GME will trigger a wealth-redistribution squeeze against complicit hedge funds."
116,"Zombie Stocks Spiking Are A Result Of SHFs Covering - Sept. 5, 2021","by u/einfachman",12,2021-09-05,original,market_dd,2,2,high,medium,false,na,https://online.fliphtml5.com/lvrgy/etev/,"Posted Sept 5, 2021, this DD argues that 'zombie stocks' (delisted companies like Blockbuster, Sears, Toys'R'Us) have been massively shorted by SHFs who never covered, instead using unrealized gains as leveraged margin collateral indefinitely. Recent price spikes, per the author, reflect forced covering triggered by new margin regulations (Rule 15c2-11 compliance and UMR Phase 5), which the author interprets as evidence that SHFs are under financial stress. The thesis predicts these forced covers will cascade into margin calls on major SHFs, eventually forcing them to cover GME shorts and triggering MOASS."
117,"Big Changes Coming That Could Affect OTC Zombie Stocks - Sept. 5, 2021","by u/hmhemes",10,2021-09-05,original,periodical_news,3,4,high,high,false,na,https://online.fliphtml5.com/lvrgy/smgd/,"On September 5, 2021, u/hmhemes documents Rule 15c2-11 amendments effective September 28, 2021, which move OTC stocks failing to meet new reporting requirements to OTC Markets Group's ""Expert Market"" — a private broker-dealer network restricting retail access to quotes and pricing data. The author uses SEC filings and official statements to report this regulatory change and disputes other posts falsely claiming shorts must close by that date. The author speculates the Expert Market expansion is intended to suppress information about OTC zombie stocks allegedly connected to GME naked shorting, characterizing it as part of broader SEC/CFTC efforts to hide retail market data."
118,"AnnihilationGods DD on SEARS - Sept. 5, 2021","by u/AnnihilationGod",12,2021-09-05,original,market_dd,2,2,high,high,false,na,https://online.fliphtml5.com/lvrgy/uyjt/,"This analysis examines Sears (delisted October 2018, trading OTC as SHLDQ) through Fails-to-Deliver and short volume metrics. The author documents ongoing FTD activity years post-delisting, calculates ~$156.5M in short-selling gains, and observes data anomalies where reported short volume apparently exceeds total trading volume. Based on these patterns, the author speculates Sears may be a 'zombie stock' subject to coordinated manipulation. However, the calculation methodology is poorly explained, data anomalies are uncontextualized, and the causal link between data patterns and intentional market abuse remains entirely speculative without regulatory substantiation."
119,"More Zombie Company Talk Huge Plot Twist for GME and MOASS - Sept. 6, 2021","by u/get-it-got",16,2021-09-06,original,periodical_news,2,2,high,medium,false,na,https://online.fliphtml5.com/lvrgy/zkoc/,"The author discusses SEC Rule 15c2-11 changes effective September 3, 2021, which restrict retail investor access to over-the-counter penny stocks. The author argues this rule blocks retail FOMO buying that would have sparked short squeezes in hundreds of heavily shorted companies, thereby removing potential fuel for a broader 'Everything Squeeze' linked to GameStop's MOASS. Using penny stock examples (FJHL, Sears) with high short volume ratios, the author interprets the rule as regulatory capture protecting short sellers and market manipulators at retail's expense, while maintaining faith in GameStop's long-term fundamentals."
120,"Zombies 1000s of OTC Stocks Correlated with GME Many of Them Rising from the Dead - Sept. 4, 2021","by u/thabat",27,2021-09-05,original,other,2,3,high,high,false,na,https://online.fliphtml5.com/lvrgy/tvzl/,"The author documents thousands of low-volume OTC stocks exhibiting price and volume patterns coincident with GME movements (Jan–Aug 2021), categorized into three types: dormant-then-spike, cyclical correlation, and pump-then-dump patterns. The author speculates these are controlled by hedge funds (alleging Citadel involvement) via stock splits and portfolio valuation fraud to create fake liquidity and evade margin calls, citing SEC filings and shell-company examples (ParkVida, MMEX) as circumstantial evidence of broader systemic manipulation."
121,"Rolling in the Deep Dive","by u/thabat",32,2021-09-04,original,other,2,2,high,high,false,na,https://online.fliphtml5.com/lvrgy/zlku/,"A lengthy Reddit post speculating that Citadel and other hedge funds use Form D/A filings in the Cayman Islands, Total Return Swaps, and 1940 Investment Company Act exemptions to hide money and mask massive short positions in GameStop. The author theorizes regulatory capture and bribery schemes while acknowledging limited understanding of the documents referenced. Predicts inevitable MOASS. Cites actual SEC and CFTC filings but chains them through highly speculative interpretations about fraud mechanisms never substantiated by regulators."
122,"The Loop Capital, Magic Johnson, Credit Suisse and Citadel Connection - Sept. 9, 2021","by u/thabat",16,2021-09-11,original,market_dd,2,2,high,high,false,na,https://online.fliphtml5.com/lvrgy/dyes/,"The author attempts to expose a link between Loop Capital (Magic Johnson's investment firm), Citadel, and Credit Suisse, alleging a conspiracy to sabotage GameStop. The central claim is that Loop Capital and Citadel are the same entity, supported primarily by both having funds named Presidio (wordplay on fortress/citadel) and sharing a Delaware registered agent address. The author documents real board conflicts of interest involving GME directors (Symancyk and Simon) who had prior roles at Academy Sports & Outdoors, a company in which Citadel holds a long position. Additional allegations include indefinite Credit Suisse compensation arrangements and Loop Capital routing orders through Citadel via PFOF."
123,"The Entire Naked Shorting Game Plan Playbook From 2004 Called Cellar Boxing - Sept. 11, 2021","by u/thabat",18,2021-09-11,original,psychology_opinion,2,2,high,high,false,na,https://online.fliphtml5.com/lvrgy/thgb/,"A September 2021 Reddit post arguing that Yahoo Finance censors GME financial data by region, presenting different Enterprise Value and Forward P/E figures to US versus international users. The author interprets unusual Forward P/E calculations ($6,347) as evidence that GME's true share price is between $6,347 and $31,735 per share, and claims a 2004 forum post about 'Cellar Boxing' (naked short manipulation of penny stocks) perfectly describes systematic manipulation of GME. The post concludes GME is shorted 3-50x the float."
124,"The Volume Is Wrong - Nov. 4, 2021","by u/thabat",8,2021-11-07,original,psychology_opinion,2,2,high,medium,false,na,https://online.fliphtml5.com/lvrgy/lnhe/,"The author claims GME's reported trading volume has been systematically divided by 10 since January 8, 2021. Using Open Interest-to-Volume ratio pattern-matching, they argue recent volumes were artificially suppressed to hide naked shorting and prevent FOMO. The core evidence is arithmetic: adding summed volumes of restricted stocks (~6.6B shares) to 10x GME's volume (~933M) yields ~7.5B, approximating Citadel's stated 7.4B shares executed on January 27. The author frames this as speculation but argues the numerical coincidence is suspicious and suggests market-maker collusion."
125,"Ceiling Boxed - Nov. 23, 2021","by u/thabat",22,2021-11-24,original,psychology_opinion,2,1,high,high,false,na,https://online.fliphtml5.com/lvrgy/pveb/,"An extended allegory framing financial markets as a rigged con game between 'con artists' (hedge funds, MMs, regulators) and retail 'suckers' who are becoming 'apes' through GameStop. The author argues the entire regulatory system is coordinated to manipulate prices, advocates buy-hold-DRS as the only viable strategy, criticizes options trading as a trap, and predicts an imminent 'MOASS' forced by DRS and CEO action. Uses chart analysis and narrative storytelling to support claims that subsequent price action (February through August 2021) was controlled manipulation by professionals."
126,"BCG's Lawsuit Was Part Of the Cellar Boxing Strategy - March 24, 2022","by u/thabat",12,2022-03-26,original,psychology_opinion,2,2,high,low,false,na,https://online.fliphtml5.com/lvrgy/cvua/,"Author argues that BCG's 2019 lawsuit against NCR and the personnel connection between Citadel executive Carsten von der Linden (formerly BCG Principal, now Chief People Officer at Citadel) constitute evidence of coordination in 'cellar boxing' strategies against GameStop. The document is fragmentary—most pages contain no text—and never explains the causal mechanism linking consulting litigation to alleged short-selling suppression. No evidence connects the lawsuit, the personnel link, or NCR to GameStop price action."
127,"Proof of Price Suppression and its Source","by u/TheDude0007",12,2021-09-04,original,market_dd,2,2,high,medium,false,na,https://online.fliphtml5.com/lvrgy/ppvw/,"A September 2021 Reddit post by u/TheDude0007 presenting evidence of coordinated GME price suppression. The author observed an unusually low 2,500-share bid ($1.10) via MEMX and cross-referenced it with PYTH (a blockchain price tracker showing GME at $2,500-$5,000). The central claim: hedge funds purchase shares at high prices in dark pools, then route low bids through MEMX to artificially suppress public NYSE prices. The post connects this to FTD cycles, married puts, deep ITM calls, and ladder attacks, arguing these represent systematic coordinated fraud by institutional operators."
128,"Aviation Backed Securities - June 22 - July 21, 2021","by u/csmbird",64,2021-09-07,compilation,market_dd,2,2,high,medium,true,uniform,https://online.fliphtml5.com/lvrgy/taif/,"A multi-part investigation by u/csmbird examining Aviation Backed Securities (ABS) as a potential vehicle for illicit financial activity by Ken Griffin and Citadel. The author identifies companies with 'Griffin' names near Citadel, discovers a documented $1 billion aircraft warehouse facility deal (April 2021) involving Goldman Sachs and other major banks, and analyzes Ken Griffin's private aircraft flight records. The work draws parallels between Griffin's flights to Teterboro Airport (historically associated with Jeffrey Epstein) and trips to countries flagged for human trafficking concerns. While based on documented facts and public records, the analysis is predominantly speculative, making significant inferential leaps from circumstantial data—shared airport usage, geographic coordinates, similar company names—to accusations of money laundering and human trafficking without substantiating evidence."
129,"Billionaire Boys Club - 1 - 10","by u/BadassTrader",140,2021-08-12,compilation,wealth_advice,2,3,high,low,true,mixed,https://online.fliphtml5.com/lvrgy/acct/,"Billionaire Boys Club is a six-episode investigative series by Reddit user u/BadassTrader examining alleged connections between hedge fund billionaires—particularly Ken Griffin (Citadel), Michael Milken, and Steve Cohen—through 13F filings, IRS Form 990s, and public records. The author documents shared board memberships, investment patterns, and philanthropic interests in charter schools and donor-advised funds, speculating that these interconnections represent coordinated efforts to manipulate GME's price downward. The series critiques billionaire use of DAFs and foundations as tax shelters and wealth-protection vehicles while implying an inevitable ""MOASS"" event will collapse Citadel."
130,"It Isn't Just GME - Mar. 23, 2021","by u/PM_ME_YOUR_ZeU",8,2022-02-10,original,market_dd,2,2,high,medium,false,na,https://online.fliphtml5.com/lvrgy/gelt/,"A March 2021 Reddit post argues that massive Failures to Deliver (FTDs) in February 2021 reveal a systemic crisis in the US financial market. The author claims 3.3 billion shares FTD'd for $29.1 billion in one month and describes an ""infinite loop"" mechanism where the DTCC continuously issues synthetic shares with T-3 settlement delays, enabling naked shorting through ETF unpacking. The post predicts this overloaded legacy system cannot sustain itself and will soon collapse, causing a market eruption. It invokes Richard Evans' ETF mechanics lecture, a 2008 pre-crash FTD comparison, and Michael Burry's deleted tweets as supporting evidence."
131,"The Game We Play - July 20, 2021","by u/welcometosilentchill",14,2022-02-11,original,market_dd,2,3,high,high,false,na,https://online.fliphtml5.com/lvrgy/eidn/,"A detailed institutional-finance primer arguing that prime brokers are in a prisoner's dilemma with GME short sellers, incentivized to keep positions open rather than enforce margin calls because liquidation would expose them to massive losses. The author explains prime brokerage agreements, margin lock-ups, and regulatory requirements, concluding that while date-specific squeeze predictions are unreliable, shorts remain trapped in losing positions and must eventually cover. The tone is cautious about prediction dates while maintaining the underlying thesis that holding GME is profitable."
132,"The Trio of Crime - Oct. 22, 2021","by u/Longjumping_College",12,2022-03-01,original,market_dd,2,2,high,low,false,na,https://online.fliphtml5.com/lvrgy/pwti/,"""The Trio of Crime"" examines alleged interconnections between Goldman Sachs, Citadel, and Credit Suisse in relation to GME market manipulation. The post claims Goldman Sachs serves as Citadel's clearing broker and alleges that Credit Suisse concealed 540k GME put positions in Brazil via BNY Mellon, invoking the Archegos scandal as precedent. It also posits that Chinese real estate firms (particularly Evergrande) threaten the US triparty settlement system. The work frames these connections as evidence of systemic financial crimes underlying GME price dynamics."
133,"We're In 2008 On Repeat - Feb. 18, 2022","by u/Longjumping_College",10,2022-03-05,original,macro_analysis,2,2,high,low,false,na,https://online.fliphtml5.com/lvrgy/ocyy/,"Posted February 2022, this work argues that financial conditions mirror the 2008 crisis, focusing on rehypothecation, margin regulations, and regulatory vulnerabilities. It references FBI investigations into financial practices and discusses how margin rules enable leveraged purchases. The book connects these mechanics to Canadian entities and systemic structural issues. However, extractable text covers only 7 of 10 pages and is highly fragmented, limiting full reconstruction of the thesis."
134,"Are Citadel Clients Leaving - Oct. 1, 2021","by u/einfachman",6,2022-02-28,original,market_dd,,1,high,low,false,na,https://online.fliphtml5.com/lvrgy/ixhq/,"Reddit post from October 2021 speculating whether Citadel hedge fund is losing clients in the aftermath of the January 2021 GameStop event. The post title frames client exodus as a possible outcome; a single extracted sentence compares Citadel's hypothetical situation to distressed entities like Melvin Capital and Evergrande. Extremely limited text extraction (only 3 of 6 pages yielded legible content) severely constrains assessment of the full argument and evidence base."
135,"Mountains of GME Synthetic Shares - Nov. 19, 2021","by u/einfachman",12,2022-02-28,original,market_dd,1,1,high,low,false,na,https://online.fliphtml5.com/lvrgy/shwb/,"Einfachman argues that GameStop contains 'mountains' of synthetic (naked) short shares far exceeding the official float, and that short hedge funds will refuse to cover voluntarily. The piece suggests government intervention is forthcoming to mitigate damages from a predicted economic collapse. The analysis references official share counts (~76M) and community metrics (4.1M apes) but provides fragmented arguments linking these to an imminent forced short squeeze."
136,"We Are Unstoppable - Feb. 28, 2022","by u/einfachman",14,2022-02-28,original,wealth_advice,2,2,high,low,false,na,https://online.fliphtml5.com/lvrgy/szkl/,"u/einfachman's February 2022 post discusses GameStop holders ('Apes') consolidating ownership around 150 shares each and predicts that retail share registration via Computershare can trigger a price squeeze. The author references 'synthetic shares' and downward pressure on GME's price, framing retail accumulation and direct registration as a path to a dramatic price runup, with predictions of paper-hand sellers exiting at $20,000 to $100,000+ per share."
137,"Checkmate - April 6, 2022","Checkmate - April 6, 2022",12,2022-04-09,original,market_dd,2,2,high,low,false,na,https://online.fliphtml5.com/lvrgy/ougy/,"Checkmate discusses GameStop's April 2022 stock split announcement (to be executed as a dividend) and applies physics analogies (Hooke's Law) to market dynamics. The post references Dr. Wolf's ""Double Split experiment"" and theoretical T-cycle patterns, positioning direct registration of shares (DRS) as a tactical counter to alleged hedge-fund resistance. The author suggests the stock split will produce positive outcomes and alludes to market manipulation and trading halts as evidence of systemic fragility."
138,"2022: Year of the MOASS - April 30, 2022","by u/einfachman",20,2022-04-30,original,market_dd,1,2,high,low,false,na,https://online.fliphtml5.com/lvrgy/liqc/,"The document argues that 2022 will be the ""Year of the MOASS"" based on several technical and structural indicators: stock utilization at 100%, a predicted 7-for-1 stock split dividend that would force short sellers to cover, strong positive price correlation with comparable stocks, and RC's secretive NFT marketplace strategy. References Archegos and DOJ investigations as precedent for imminent failures of short sellers attacking GameStop."
139,"Frog in the Ice Cream Machine - Dec. 4, 2021","u/prof_dankmemes",18,2021-12-04,original,market_dd,2,3,high,high,false,na,https://online.fliphtml5.com/lvrgy/esel/,"Argues that a February 24, 2021 Federal Reserve operational outage (which disabled settlement systems for ~3.5 hours) forced automatic liquidation of naked short positions in GME and other meme stocks. The book claims that when the National Settlement Service came back online around 2:30 PM, it triggered settlement of deep out-of-the-money puts expiring in January, causing the documented volume spike and price surge. Interprets Ryan Cohen's McDonald's ice cream/frog tweet as a coded message about the broken system. Outlines a theory called ""This Is Not A Cycle"" claiming quarterly put expirations follow a predictable 90-day cycle driven by C+35 and T+2 settlement mechanics."
140,"The Fed and $10.8T - Feb. 8,2021","by u/ammoprofit",14,2022-02-13,original,macro_analysis,2,3,high,high,false,na,https://online.fliphtml5.com/lvrgy/aqvn/,"The author analyzes Federal Reserve data to argue that $10.8 trillion has disappeared from M1 money supply metrics following the Fed's 2020 methodological changes. The post examines FRED data, catalogs nine emergency lending facilities activated in March 2020 (CPFF, PDCF, MMLF, PMCCF, SMCCF, TALF, and others), and raises concerns that municipal bond purchases could bankrupt cities upon unwinding. The author claims official inflation is grossly understated and insinuates coordinated misconduct among banks and central banks. The work mixes documented Fed actions with speculative interpretation, implying a hidden systemic crisis requiring concealment."
141,"We're Living Through An Experiment by the Federal Reserve and it's Gone Terribly Wrong - Jan. 30, 2022","by u/missing_the_point_",10,2022-03-16,original,macro_analysis,2,2,high,low,false,na,https://online.fliphtml5.com/lvrgy/noao/,"Macroeconomic critique of Federal Reserve monetary policy issued January 2022, arguing that QE and near-zero interest rates drive wealth inequality, encourage excessive borrowing, and create systemic risk. Author warns of a potential credit crunch and economic downturn as consequences of prolonged monetary stimulus. The work is positioned as cautionary about unintended consequences of central bank intervention."
142,"Volatility, Variance, Dispersion - Nov. 4, 2021","by u/zinko83",18,2022-02-12,original,market_dd,2,3,high,medium,false,na,https://online.fliphtml5.com/lvrgy/qpjl/,"This post by u/zinko83 from November 4, 2021 analyzes variance swaps and dispersion trading as potential explanations for GME's price volatility and market structure. The author accurately explains variance swap mechanics and demonstrates how GME's options chain resembles textbook hedging portfolios recommended in academic literature. The post argues that Citadel's documented expertise in volatility trading led them to systematically short volatility on GME, and speculates they accepted Melvin's position believing it could be managed through dynamic hedging. The author connects forced call purchases (when option chains are narrow) to GME runups and concludes Citadel faces growing unmanageable tail risk. Direct registration (DRS) is presented as further constraining hedging by reducing tradable float."
143,"Variance Swaps can explain OI in far OTM Puts - Nov. 7, 2021","by u/MauerAstronaut",14,2022-02-12,original,market_dd,3,2,high,medium,false,na,https://online.fliphtml5.com/lvrgy/iinq/,"Technical analysis of variance swaps as a framework to explain GME's unusual options structure (far OTM put open interest and intraday volatility patterns). The author proposes that short hedge funds maintained short variance positions hedged via Replicating Portfolios of long options and short forwards. Uses legitimate financial theory (Demeterfi 1999) to model potential hedging mechanisms but explicitly acknowledges the claims are unproven and speculative. Also speculates about predictable GME price ""cycles"" tied to rebalancing events."
144,"Synthetic Forwards on GME - Feb. 17, 2022","by u/MauerAstronaut",8,2022-03-23,original,market_dd,2,1,high,low,false,na,https://online.fliphtml5.com/lvrgy/situ/,"Brief analysis by u/MauerAstronaut titled 'Synthetic Forwards on GME,' posted February 17, 2022. The title and structure suggest an exploration of synthetic forwards or derivative-based mechanisms as potential means of hidden short leverage in GME. However, the extractable text is minimal—only page headers and fragment labels remain. The document appears to be primarily visual or chart-based with limited substantive textual content captured. No detailed thesis, evidence, or specific claims are articulated in the extracted material."
145,"They Still Haven't Told You - Jan. 12, 2022","by u/djsneak666",18,2022-02-12,original,periodical_news,2,2,high,low,false,na,https://online.fliphtml5.com/lvrgy/lgdy/,"A Reddit post discussing Bruce Knuteson's arXiv paper (2201.00223) arguing that large hedgefunds have used overnight market manipulation for 14+ years to generate excess returns while suppressing intraday gains. The author critiques the SEC's October 2021 report on GameStop, specifically footnote 78, for methodological limitations—particularly ignoring pre-December 24, 2020 short positions and poor disclosure of who held large short positions. The post implies this manipulation affects retail traders locked out of after-hours trading and may explain typical market dips at open."
146,"The Bucket Short - July 30, 2021","by u/digitlnoize",8,2022-02-12,original,other,2,3,high,high,false,na,https://online.fliphtml5.com/lvrgy/efbs/,"The author argues that GME and a basket of diverse 'meme' stocks were shorted together via Total Return Swap derivatives, with their coordinated price movements providing evidence of this hidden bundle. The thesis ties these swaps to the reverse repo facility spike, suggesting banks used T-bills to offset mounting liabilities from failed short positions. The analysis uses chart correlations and citations of real financial instruments (WSJ articles on total return swaps, Credit Suisse Archegos letter) to support the causal claim that a single coordinated short basket unified these stocks' price movements."
147,"NYSE Removed GME Data - Jan. 1, 2022","by u/djk934",6,2022-03-05,original,other,1,1,high,low,false,na,https://online.fliphtml5.com/lvrgy/ozhb/,"A brief post claiming that the NYSE removed GME data on January 1, 2022. The author appears to be logging what they view as a discrepancy from standard market data procedures. The text is highly fragmentary—only 3 of 6 pages are extractable, and those contain minimal content (mostly page headers and partial sentences), making substantive evaluation of the claim impossible."
148,"Who Is Abusing XRT - Jan. 13, 2022","by u/djk934",10,2022-02-12,original,market_dd,3,3,high,high,false,na,https://online.fliphtml5.com/lvrgy/cyge/,"This analysis examines SEC N-CEN ETF filings to document authorized participant (AP) activity in XRT (SPDR S&P Retail ETF) during H1 2021. The author argues major firms use ETF creation/redemption mechanics to cycle a small pool of GME shares between themselves, generating artificial short interest and fails-to-deliver (FTDs). The paper lists AP firms, their regulatory violations, and XRT's ~300% short interest, then constructs a hypothetical scenario showing how in-kind ETF transfers could be exploited. The author concludes that as direct registration (DRS) constrains liquidity, this system will collapse into a short squeeze."
149,"COVID-19, The CARES Act, and Undeniable Greed - July 12, 2021","by u/freadom6",12,2022-02-12,original,market_dd,2,3,high,medium,false,na,https://online.fliphtml5.com/lvrgy/wmqr/,"Two-part Reddit post alleging that hedge funds and investment firms exploited the PPP (Paycheck Protection Program) to receive forgivable loans meant for struggling small businesses, and specifically claims they used or anticipated these funds to aggressively short GME during its March 27–April 3, 2020 price collapse. The author cites Fox Business reporting on PPP fraud, cross-references 13F filings showing firms with GME positions, and compiles SBA data on 31 firms receiving $24.37M in PPP funding. The post emphasizes a $15B+ flow to financial services industries and argues this represents a class divide exacerbating economic inequality during COVID."
150,"Citadel Used 2008 Bailout Money to Begin the GME Shorting Saga - July 23, 2021","by u/freadom6",8,2022-02-12,original,market_dd,2,2,high,high,false,na,https://online.fliphtml5.com/lvrgy/rxff/,"This post argues that Citadel received a $200M bailout in 2008 and used it to initiate a long-term short position in GameStop beginning Q1 2009, citing GME short interest rising from 3.93% (Oct 2008) after the bailout and Citadel's increased 13F holdings in Q1 2009. The author frames this as the origin point of the shorting that would allegedly trigger the January 2021 squeeze."
151,"The Short Game Exposed - Oct. 5, 2021","by u/freadom6",18,2022-02-12,original,market_dd,2,3,high,high,false,na,https://online.fliphtml5.com/lvrgy/mvep/,"This October 2021 analysis compares 75 heavily shorted stocks from 2020 to GameStop, arguing that short sellers never covered their GME positions despite the massive January 2021 price run. The author assembles market data (short interest percentages, margin statistics, share prices) and notes that 24 of the 75 comparison stocks experienced similar price spikes on January 27, 2021. The text attributes rising share prices to increased retail trading activity, supported by ATS volume data. It also argues that continued FINRA margin debt growth after the January-February 2021 period indicates unresolved short positions. The book suggests hidden leverage via derivatives, naked shorts, and fails-to-deliver remain undetected by regulators."
152,"CLOverfield I - The Banks are Cutting Up & Selling Shitadel’s Leveraged Loans to Mutual Funds, ETF’s, Among Other Investors - Jan. 7, 2021","by u/freadom6",14,2022-02-12,original,market_dd,3,4,medium,high,false,na,https://online.fliphtml5.com/lvrgy/nrel/,"This 2021 post analyzes the CLO (Collateralized Loan Obligation) market and documents Citadel Securities' rise to the #2 obligor position within the Capital Markets industry. The author explains CLO mechanics—how banks securitize leveraged corporate loans and distribute them to mutual funds, ETFs, and pension funds—and argues this practice concentrates credit risk among retail investors. Using SEC NPORT filings, the post identifies specific mutual funds holding Citadel loans and compares CLOs structurally to 2008 CDOs. The implicit thesis suggests Citadel's expanding debt obligations signal imminent financial distress with potential systemic implications for retail investor portfolios."
153,"NPORT GME Deep Dive - March 27, 2022","by u/Freadom6",12,2022-03-28,original,market_dd,2,2,high,low,false,na,https://online.fliphtml5.com/lvrgy/lkql/,"The author analyzes NPORT (mutual fund regulatory) filings to argue that financial institutions are extensively short selling GameStop via ETFs and through large-scale share lending. The analysis identifies top 32 funds with 99%+ of assets on loan and quantifies alleged securities lending by major banks (Morgan Stanley $911M, Goldman Sachs $454M, Citi $388M, BofA $380M, JPMorgan $321M). The author frames this activity as evidence of predatory institutional manipulation and advocates direct registration (DRS) as protective against broker default. The title 'Fixin to get wrecked' implies an impending institutional reckoning, though full argument visibility is limited by text extraction fragmentation."
154,"World War Whale - April 14, 2021","by u/choompop",8,2022-02-26,original,other,2,1,high,low,false,na,https://online.fliphtml5.com/lvrgy/friv/,"A brief article titled ""World War Whale"" (April 2021) employing sensationalist framing to discuss institutional players and short-selling mechanics in GME. Available text fragments reference short volume in ETFs and claim major financial institutions (JPMorgan, BoA, Black Rock) are collecting seats on the DTCC board. However, the vast majority of the text could not be extracted—only 4 of 8 pages yielded content, and those only in fragments—severely limiting assessment of the full thesis, evidence presented, and reasoning chain."
155,"The Final Date - Feb. 23, 2022","by u/choompop",10,2022-02-26,original,periodical_news,2,2,high,low,false,na,https://online.fliphtml5.com/lvrgy/bvoz/,"A Reddit post arguing that GameStop's share price was suppressed through 'cellar boxing' (coordinated short-selling and options manipulation by market makers). The author cites Ryan Cohen's August 2020 entry into GameStop, discusses FINRA data accuracy issues from January 2022, and frames February 23, 2022 as a critical date. The text is fragmentary (6 of 10 pages extractable); the full argument cannot be fully assessed from available content."
156,"Moonwalk - The UNO Reverse Card - Feb. 24, 2022","by u/choompop",10,2022-02-26,original,periodical_news,2,1,high,low,false,na,https://online.fliphtml5.com/lvrgy/bobc/,"A Reddit post discussing options settlement mechanics, fails-to-deliver (FTD) cycles, and naked short selling in connection with GameStop. The post makes speculative claims about T+35 settlement cycles triggering price action in early March 2022 and asserts that market participants shorted millions of shares without delivery. Only 60% of text is extractable, limiting full assessment of the argument."
157,"The Cart Driving the Horse - Feb. 27, 2022","by u/choompop",14,2022-02-27,original,market_dd,2,2,high,low,false,na,https://online.fliphtml5.com/lvrgy/gdlc/,"The post frames a technical argument about GameStop options gamma exposure and speculates on hidden short positions concealed via swaps and basket options. It discusses options Greeks mechanics, predicts cyclical gamma-driven squeeze events tied to T+ settlement dates, and questions when margin calls on massive short positions will force covering. The author presents the community's shift from confirmation-bias investigation to DD analysis and visualizes predicted squeeze cycles. Central claim: sophisticated actors use derivatives to hide shorts while remaining vulnerable to gamma mechanics that could trigger forced short covering."
158,"The Big Mall Short - Jan. 16-30 ,2022","by u/throwawaylurker012",112,2022-02-27,compilation,market_dd,2,3,high,medium,true,mixed,https://online.fliphtml5.com/lvrgy/bgwe/,"Multi-part investigation into connections between commercial mall deterioration, CMBS derivative shorts, and meme-stock volatility. Traces underwriting failures in commercial mortgage-backed securities (CMBX.6, CMBX.11), identifies alleged involvement by major institutions (Apollo Global, Wells Fargo, JPMorgan, Morgan Stanley, UBS) in coordinated mall shorts, and proposes that synthetic share creation through CMBS hedging drove GME and related volatility. Includes analysis of REIT manipulation (SKT, Macebank), FTD patterns, and Amazon's tax avoidance through Opportunity Zones. While underlying CMBS problems are documented, the core causal chain linking mall real estate derivatives to meme-stock squeezes is largely speculative and unproven."
159,"Sears Got a Letter About Naked Shorting - Feb. 6, 2022","u/throwawaylurker012",16,2022-02-26,original,market_dd,2,2,medium,low,false,na,https://online.fliphtml5.com/lvrgy/ouee/,"Due diligence post comparing Sears' documented short-interest dynamics to GME, citing Memento's open letter to Sears Holdings board regarding naked shorting, high put interest (30-40% of float), and lending rates reaching 100% in 2017. Draws parallel to Michael Burry and Ryan Cohen's public statements on GME shorting to suggest systemic coordination in naked short pressure. Post frames Sears' 2018 bankruptcy as a cautionary parallel to alleged GME dynamics."
160,"Big Liquidity Issues in the Fixed Income Markets - Jan. 19, 2022","by u/dilkmud0002",12,2022-03-03,original,macro_analysis,2,2,high,medium,false,na,https://online.fliphtml5.com/lvrgy/hdbu/,"A January 2022 macroeconomic analysis arguing that fixed income markets face severe liquidity dysfunction following years of low rates and quantitative easing. The author presents data on Treasury bond losses in 2021, the Federal Reserve's $5.5 trillion holdings at suppressed yields, rising inflation, and deteriorating yield curve dynamics. The implicit thesis warns that if investors flee negative-returning bonds en masse, systemic financial stress could result."
161,"Robinhood Became the Sacrifial Lamb - Jan. 27, 2022","by u/dilkmud0002",9,2022-03-03,original,psychology_opinion,2,2,high,medium,false,na,https://online.fliphtml5.com/lvrgy/qrfk/,"The author speculates that Robinhood (HOOD) represents a compelling short candidate, drawing parallels to GameStop's volatility patterns. Written in January 2022 before Robinhood's July 2023 IPO, the piece frames HOOD as a potential target by comparing volume anomalies and 1-day chart patterns to GME. The author cites a float of 456M shares and references unusual trading activity. The entire analysis is framed as speculation and opinion, relying on chart comparison rather than fundamental analysis or substantive evidence."
162,"The Fed Pump Is Not Working Anymore - March 13, 2021","by u/dilkmud0002",14,2022-03-23,original,macro_analysis,2,2,medium,medium,false,na,https://online.fliphtml5.com/lvrgy/byeu/,"Analyzes Federal Reserve balance sheet holdings (~$5.75 trillion in treasuries, $1.2+ trillion in 20-year bonds as of March 2021) and treasury bond price volatility relative to stocks. The author argues that Fed stimulus measures were losing effectiveness, noting that 20-year bonds exhibited volatility patterns similar to stocks with trend changes appearing earlier in 2021, and claims the market was increasingly anxious about treasury prices. Brief technical commentary without detailed sourcing."
163,"Investment Opportunity of a Lifetime - Oct. 29, 2021","by u/Cataclysmic98",18,2022-03-26,original,wealth_advice,2,2,high,low,false,na,https://online.fliphtml5.com/lvrgy/nbrb/,"A two-part investment analysis arguing GameStop represents an exceptional opportunity, with Part 1 examining price suppression mechanisms (naked shorting, ETF-hidden short positions, fails-to-deliver) and Part 2 advancing a MOASS (Mother of All Short Squeezes) thesis. The author contends that systemic failures in short covering, failures to deliver, and hidden short interest via ETF authorized participants create conditions for a historic short squeeze, with references to 'Spring Theory' mechanics and XRT ETF suppression tactics used during the January-February 2021 buying period."
164,"A Counter To The FUD - Jan. 30, 2022","by u/Cataclysmic98",12,2022-03-26,original,psychology_opinion,2,2,high,low,false,na,https://online.fliphtml5.com/lvrgy/qtmp/,"A counter-argument post (Jan 30, 2022) addressing FUD claims against GameStop investment thesis. The book references the SEC's October 2021 finding that positive investor sentiment, not short covering, drove the January 2021 price run-up. It discusses short interest reporting, fails-to-deliver mechanics, market maker exemptions from short-sale rules, and alleges ongoing market manipulation. A central claim asserts short interest could realistically exceed 300% despite regulatory reporting showing ~20% by February 2021."
165,"The Shrinking Exit - May 17, 2022","by u/Rockets2TheMoon",16,2022-05-22,original,market_dd,2,2,high,high,false,na,https://online.fliphtml5.com/lvrgy/nrmi/,"This article argues that direct registration (DRS) of GameStop shares through Computershare is growing rapidly and will soon exceed reported short interest, creating a shrinking exit for short sellers trapped in their positions. The author uses visual metaphors and tracking of DRS accumulation (""purple circles"" from retail investors) to frame the situation as a mechanical trap, citing catalysts such as the upcoming shareholder meeting and stock split to predict forced short covering."
166,"Citadel Algos Exposed - May 21, 2022","by u/GangGangBet",8,2022-05-22,original,market_dd,2,1,high,low,false,na,https://online.fliphtml5.com/lvrgy/ytyo/,"Book claims to expose algorithmic front-running practices by Citadel and other market makers. References the ELIAPE mechanism on EDGX and argues that market makers exploit timing differences between off-exchange data and consolidated SIP feeds to front-run retail buying. Cites academic work on market maker settlement practices and claims agreement from employees at Goldman Sachs and Virtu Financial. However, extractable text is extremely sparse (only ~40 words of substantive content across 8 pages), consisting mostly of fragmentary references and incomplete quotations."
167,"GameStop Critical Margin Theory - June 6, 2022","u/scienceisexy",6,2022-07-14,original,other,3,1,high,low,false,na,https://online.fliphtml5.com/lvrgy/uflb/,"A June 2022 post by u/scienceisexy on GameStop margin mechanics. The document is titled 'GameStop Critical Margin Theory' but the extracted text is extremely limited, containing only brief fragments: 'Due Diligence', 'There's just one thing', and a reference to comparative date analysis. The full argument and supporting evidence are not visible in the extractable text."
168,"Extremely Abnormal Negative BETA - March 16, 2021","by u/animasoul",8,2022-03-29,original,other,1,1,high,low,false,na,https://online.fliphtml5.com/lvrgy/qvhs/,"Post by u/animasoul argues that GameStop's negative beta (inverse correlation to market movements) proves the existence of undisclosed short positions despite public claims of reduced short interest. Frames negative beta as a statistical phenomenon that resists manipulation, using it as a proxy indicator for hidden institutional shorts."
169,"Mystery of the Negative Beta Solved - Mar. 25, 2021","by u/animasoul",10,2021-08-18,original,psychology_opinion,2,2,high,high,false,na,https://online.fliphtml5.com/lvrgy/grjv/,"This March 2021 post argues that GameStop's negative beta (inverse correlation to market) reveals massive hedge fund leverage that has artificially raised systemic market risk to dangerous levels. The author interprets GME's -4.6 beta as evidence that hedge funds, unable to cover shorts, are manipulating the entire market structure and raising overall volatility. The post predicts imminent cascading failures: forced pension-fund selling, Treasury crashes, and eventual system reset unless a short squeeze occurs. Analysis relies on Macroaxis beta data and alleged secondary sources (ZeroHedge articles, Twitter economist chart) paired with cultural analogies (The Truman Show, McMafia) to frame retail investors as witnessing hidden financial corruption. The author acknowledges incomplete reasoning but presents speculative leaps as systemic warnings."
170,"The Complete Bank of America Gamestop DD - June 4, 2021","by u/gfountyyc",38,2021-10-02,compilation,market_dd,2,2,high,high,true,uniform,https://online.fliphtml5.com/lvrgy/qnng/,"A compilation of three related Reddit posts (June-August 2021) by u/gfountyyc analyzing Bank of America's alleged role in GameStop naked shorting. The author cites SEC filings, quarterly reports, and ETF holdings to argue that BofA is holding massive derivative losses from Citadel short positions (BAML serves as primary broker for 96.69% of Citadel's $57.5B derivative liabilities). The author speculates that regulatory changes (NSFR), BofA's $15B bond issuance, and derivative liability growth signal imminent bankruptcy. Predicts a 'Mother of All Short Squeezes' (MOASS) will trigger systemic financial collapse."
171,"Bank Of America Quarterly Update. Morgan Stanly Has Entered the Chat - Nov. 3, 2021","by u/gfountyyc",14,2021-11-05,original,macro_analysis,2,3,high,high,false,na,https://online.fliphtml5.com/lvrgy/ephf/,"A November 2021 analysis arguing that Bank of America and Morgan Stanley are major GameStop bagholders facing imminent financial collapse due to their prime-broker relationships with Citadel and their own large GME positions. The author interprets increased repo positions, CDS holdings, bond issuances, and SEC meetings as signs of systemic crisis about to unfold, chaining circumstantial financial data into a prediction of margin calls, forced liquidation, and cascading institutional failures."
172,"25 Reasons Why GME's Short-Interest is High -- May 9, 2021","by u/uncleziggy",8,2021-11-20,original,psychology_opinion,2,2,high,medium,false,na,https://online.fliphtml5.com/lvrgy/czyt/,"The post argues that 25 indicators collectively demonstrate GameStop maintains substantially higher short interest than officially reported. The author cites reported SI data (20-40%), hard-to-borrow status, institutional ownership exceeding 100%, options-driven price movements, retail buying pressure via high buy/sell ratios, and pattern analysis of large share sales. The author explicitly acknowledges these reasons are ""suggestive and speculative"" rather than factual evidence, arguing that multiple ""coincidences"" point to hidden synthetic shorts and potential short-squeeze. The analysis conflates genuine market phenomena with speculative inferences about their causes."
173,"The Big Squeeze - June 2021","by u/uncleziggy",124,2021-11-20,original,market_dd,2,2,high,medium,false,na,https://online.fliphtml5.com/lvrgy/bitv/,"The Big Squeeze is a single-authored market analysis and educational work by u/uncleziggy (written as of June 2, 2021) examining GameStop's short squeeze mechanics and predicting a massive upside move. The work comprises three major sections: market education (stocks, options, shorting, derivatives, banking, Fed policy, regulatory structure), a narrative history of GameStop's January-June 2021 price action and key players (Ryan Cohen, Citadel, Robinhood, Melvin Capital), and an extensive curated bibliography of 700+ Reddit due diligence posts. The core thesis asserts that extreme short interest (98+ million shares) combined with naked shorting, options gamma exposure, retail FOMO, and systemic bank over-leverage will force short-sellers to cover at astronomical prices ($1,200+ minimum, 1000%+ gains). Also predicts broader banking crisis and potential US market collapse."
174,"How To Take Over The World in 3,366,617 Easy Steps  Part 1: Finkle is Einhorn","by u/Slyver21",34,2021-08-03,original,market_dd,2,3,high,high,false,na,https://online.fliphtml5.com/lvrgy/oqjs/,"The book documents institutional investor concentration, showing that BlackRock, Vanguard, Fidelity, and other major firms collectively own 40-90%+ of all large corporations and significant portions of each other, forming what the author calls 'Megacorp.' It then speculates that Citadel operates as part of this unified control structure via shared ownership and financial linkages. The author contends that retail investors have acquired GameStop shares multiple times over through naked shorting and that an inevitable short squeeze (MOASS) will occur, positioning apes as the true owners of a Megacorp-free company."
175,"Over-Voting Prevention Exposed","Over-Voting Prevention Exposed",38,2021-08-05,original,market_dd,2,3,high,high,false,na,https://online.fliphtml5.com/lvrgy/rzaq/,"A two-part Reddit DD post (June 2021) alleging that Broadridge, the DTCC, and transfer agents deliberately suppress shareholder votes when they exceed issued shares to conceal evidence of naked shorting. The author argues the SEC has been complicit or negligent since 2009, and presents FINRA violations of major banks as proof of systemic fraud. Concludes that all shorts must cover and predicts market-wide consequences."
176,"Thesis 1 SI is Upwards of 2000","by u/Unowned-Instruction",20,2021-08-05,original,wealth_advice,2,2,high,high,false,na,https://online.fliphtml5.com/lvrgy/mfgx/,"In March 2021, u/Unowned-Instruction argues that naked shorting created over 1 billion synthetic GameStop shares (2000%+ short interest of float, updated to 3000-10000% by May), with potential financial impact of $100+ trillion. The thesis claims the DTCC discovered this situation mid-March 2021 and has orchestrated market tactics—including coordinated ETF shorting—to crash the financial system in order to socialize losses across institutions. The argument relies primarily on pattern-matching 'glitches' in borrow data, speculation about institutional coordination, reinterpretation of historical naked-shorting controversies, and hypothetical inference. The author explicitly acknowledges the thesis is 'primarily math and logic-based speculation' and not factual."
177,"Student Loan Asset Backed Securities - The Subrime Mortgages of 2021","by u/happyegg1000",26,2022-02-12,original,macro_analysis,2,3,high,medium,false,na,https://online.fliphtml5.com/lvrgy/lmsb/,"A six-part Reddit DD series arguing that Student Loan Asset-Backed Securities (SLABs) replicate the structural problems of 2008 mortgage-backed securities and will trigger a major financial crisis. The author documents how SLABs are used as collateral, claims ratings agencies corrupt AAA ratings due to conflicts of interest (issuers pay for ratings), traces university tuition increases to hedge fund infiltration, and argues income-based repayment plans mask insolvency. Connects SLAB collapse to potential GME short squeeze through collateral devaluation and margin call cascades. Published Dec 2021-Jan 2022."
178,"The Big Short (Again) - Auto Loans Bubble Edition","by u/happyegg1000",18,2022-02-12,compilation,market_dd,3,4,high,high,true,uniform,https://online.fliphtml5.com/lvrgy/exsr/,"Three-part analysis of auto loan asset-backed securities (ALABS) arguing they replicate the structural flaws that caused the 2008 mortgage crisis. Cites rising subprime auto lending (~25% of $1.3T market), lax underwriting (income verification on <10% of loans), rising delinquencies (5.8%, highest since 1996), and dealer-driven incentive misalignment. Speculates ALABS are used as collateral (inferred from RRP peaks) and their devaluation will trigger margin calls and financial cascade. Positions GME as hedge. Published Dec 2021–Feb 2022."
179,"News Blackout on the Fed's Naming of the Banks that Got its Emergency Repo Loans - Jan. 3, 2022","by u/jolly-conclusion",6,2022-02-12,original,periodical_news,2,2,high,high,false,na,https://online.fliphtml5.com/lvrgy/pqbw/,"A January 2022 Reddit post claiming the Federal Reserve's disclosure of banks receiving $4.5 trillion in emergency repo loans during Q4 2019 constitutes suppressed news. The author asserts mainstream media imposed a blackout and journalists face gag orders, cites growing Reddit censorship, and characterizes the story as blockbuster but unreported. The post relies on official Fed data but frames modest media coverage as coordinated suppression without supporting evidence."
180,"Evergrande is on the Brink of a Liquidity Crisis","by u/wetdirtkurt",8,2022-02-12,original,market_dd,4,3,high,high,false,na,https://online.fliphtml5.com/lvrgy/gknn/,"Post from August 2021 warns that Evergrande Group, China's second-largest property developer with $300B in debt, faces imminent liquidity crisis and default risk. Author argues this will trigger global financial contagion, tighter credit, bank losses, and cascading margin calls affecting US equities. While Evergrande's debt crisis and eventual default (Dec 2021) were real, the predicted global financial cascade and systemic collapse did not materialize; banks managed exposure and markets remained stable."
181,"Submitted this DD to the SEC - I present, CTC - Dec. 17, 2021","by u/wetdirtkurt",12,2022-03-05,original,market_dd,,2,high,low,false,na,https://online.fliphtml5.com/lvrgy/kxpf/,"Investigative due diligence post examining SEC filings and corporate records, apparently focused on a company identified as 'CTC' (Dec 2021). The visible fragments discuss Form D disclosure requirements, CEO status verification via LinkedIn, and alleged formatting anomalies in a Q3 SEC filing. The author references a specific SEC filing document and adopts an investigative tone ('something is going awwwwn'), but the fragmented text coverage makes the actual thesis, evidence chain, and conclusions opaque."
182,"BCG is Rooted in the Corporate Education System - April 7, 2022","by u/welp007",10,2022-04-09,original,other,,1,high,low,false,na,https://online.fliphtml5.com/lvrgy/fsoh/,"The post investigates Boston Consulting Group's involvement in corporate education reform, particularly in Illinois and Arkansas. It references BCG's revamp of Illinois' school report card (2011), connections to Chicago's Renaissance School Fund and Mayor Daly's charter-school expansion, and the Walton Foundation's involvement in education policy. The fragmentary text suggests the author is mapping institutional connections between major consulting firms and the corporate education sector, though the full thesis remains unclear due to limited text extraction."
183,"BlackRock and the Great Reset - July 18, 2021","by u/exceedingly",54,2022-02-12,original,other,2,3,high,medium,false,na,https://online.fliphtml5.com/lvrgy/ehon/,"A 3-part Reddit due diligence post arguing that BlackRock, led by Larry Fink, orchestrated a multi-year scheme to trigger a MOASS by strategically selling GME shares to GameStop and Ryan Cohen at losses, enabling share lending to shorters via US Treasury collateral, and deliberately allowing the 2020 pandemic crash. The author claims this enables a financial system rebuild via blockchain and ESG investment, with Fidelity's January 2021 share recalls triggering the initial squeeze through massive rehypothecation. The post treats speculative inference as inevitable future fact."
184,"Do You Know Where Your GME Bananas Are - Apr. 21, 2021","by u/nayboyer2",22,2022-03-16,original,market_dd,2,3,high,medium,false,na,https://online.fliphtml5.com/lvrgy/fpge/,"This April 2021 analysis examines GME's off-exchange trading volume, claiming that 66–73% of daily volume trades through dark pools and alternative dealer feeds (ADF). The author argues this represents abnormally high OTC trading compared to other equities, implying hidden share manipulation or unreported naked shorting (framed as ""missing bananas""). Using FINRA and Bloomberg data, the post tracks daily volume metrics and frames capital deployment ($8.9 billion over 6 days) as evidence of systemic market structure manipulation. The presentation is primarily visual with minimal statistical rigor or explanation of market mechanics; it presumes that elevated off-exchange volume constitutes proof of hidden shorts or fraud without substantiating this causal leap."
185,"The OTC Conspiracy - Apr. 25, 2021","by u/nayboyer2",28,2022-03-16,original,market_dd,2,3,medium,medium,false,na,https://online.fliphtml5.com/lvrgy/lkrn/,"The book analyzes over-the-counter (OTC) trading activity in GME during January-March 2021, tracking weekly share volumes, trade counts, and average trade sizes across multiple OTC venues (G1 Execution Services, Robinhood, and others). The author compares GME's OTC activity to 32 other stocks and notes changes in trading patterns and firm participation. The work is heavily data-driven with tables and figures, implying that OTC trading may have obscured short positions or price manipulation, though explicit interpretive conclusions are limited in the extracted text."
186,"The Crooks Keep Cooking Like Noby is Looking - Aug. 15, 2021","by u/nayboyer2",36,2022-03-16,original,periodical_news,2,2,high,medium,false,na,https://online.fliphtml5.com/lvrgy/olbg/,"An analysis of over-the-counter trading data for GameStop from January through August 2021, arguing that market makers (Robinhood, Citadel, Virtu) coordinated short selling through OTC channels to manipulate GME prices downward. The author presents FINRA OTC trade volumes, short volume metrics, and trade-per-share anomalies as evidence of coordinated ""cellar boxing"" tactics aimed at driving the company toward bankruptcy. The work mixes publicly available market data with speculative interpretation of causal mechanisms."
187,"Collected Works of AlexanderHood - April 18, 2021","by u/ AlexanderHood",44,2022-02-12,compilation,market_dd,2,3,high,high,true,uniform,https://online.fliphtml5.com/lvrgy/sxqi/,"Collection of ten technical due-diligence posts (April 2021–January 2022) analyzing GameStop's short interest using options data, FTD reports, and share-volume metrics. Author argues hidden short interest vastly exceeds reported levels via 'married put' strategies and rehypothecation, estimates 150%–234% true SI, and predicts imminent regulatory intervention via SR-DTC-2021-005 and forced covering ('MOASS'). Core thesis: hedges carry 245M+ shares short at ~$188 average entry, guaranteeing insolvency above that price threshold."
188,"Google Consumer Survey of GME Ownership Among US Retail Investors","by u/Get-It-Got",40,2022-03-04,original,market_dd,2,2,high,high,false,na,https://online.fliphtml5.com/lvrgy/hbrv/,"A March 2022 retail-focused survey analysis using Google Consumer Survey methodology to estimate GameStop ownership among US investors. The author reports 5.33% of survey respondents own GME shares and extrapolates this to ~397.6 million shares held by US retail. Includes methodology discussion, control survey using Apple stock, and caveats about survey limitations (excludes foreign retail, insiders, institutions, ETFs). Frames findings in context of short-squeeze dynamics and retail participation in the GME trade."
189,"Trust, Death, and Divorce - The Parts of Ken Griffin's Life that Haven't Been Published - Jan. 18, 2022","by u/CruxHub",18,2022-02-12,original,guide_howto,2,3,medium,high,false,na,https://online.fliphtml5.com/lvrgy/rvuq/,"The book investigates Ken Griffin's personal background and family financial structures using public records. It documents his high school education (Boca Raton High School, 1986), early business ventures (hedge fund G&S Capital, 1987), and family trust arrangements spanning three generations, including the Wayne Gratz trust, Genevieve Gratz trust, and Red Admiral trust. The author traces property holdings and LLC formations, culminating in discovery that Griffin's high school teacher David Robbe appears as a trustee on multiple family trusts and property transactions. While documenting these arrangements with deed images and yearbook photos, the investigation concludes without resolving their significance, the author acknowledging that extensive digging raised questions but yielded no clear evidence of wrongdoing."
190,"Stevie Portrait of a Hedge Fund Douchebag","by u/Broviet_v2
https://www.reddit.com/r/Superstonk/comments/otnt8z/a_brief_introduction_to_steve_cohen_from_broviet/",8,2021-07-31,original,,,,,,,,https://online.fliphtml5.com/lvrgy/eltf/,""
191,"Banging the Close - Aug. 3, 2021","by u/myplayprofile",6,2022-03-07,original,market_dd,2,1,high,low,false,na,https://online.fliphtml5.com/lvrgy/tidn/,"Short technical analysis of a specific GME trading pattern on August 3, 2021, highlighting an unusual candlestick formation at 3:58 PM EST and associated option contract activity (3,566 contracts). The title 'Banging the Close' suggests discussion of potential closing-price manipulation, but the extractable text is minimal and incomplete, cutting off mid-sentence. The piece appears to present an observation of market activity without substantive supporting evidence or analysis visible in the available text."
192,"Open Letter Regarding Destabilizing Risks - Sept. 6, 2021","by u/myplayprofile",14,2022-03-07,original,market_dd,2,2,high,low,false,na,https://online.fliphtml5.com/lvrgy/rsme/,"A technical open letter from September 2021 analyzing GME trading patterns and comparing them to historical Overstock trading dynamics. The author examines detailed trading data from late August 2021 (particularly August 27) including option chain patterns, order flow characteristics, and whether specific trades meet bona-fide institutional standards. The document raises concerns about potential market manipulation and asserts these patterns pose systemic destabilizing risks to financial markets."
193,"Ape Historian Series - Backing Up All GME Subs - July 17, 2021","by u/Elegant-Remote6667",38,2022-02-12,compilation,other,2,3,high,high,true,mixed,https://online.fliphtml5.com/lvrgy/aijc/,"A compilation of data preservation and analysis posts by u/Elegant-Remote6667 documenting Reddit GME discussions from November 2020-August 2021. The work catalogs DD posts, memes, and comments across multiple GME subreddits, analyzing posting patterns, user behavior, and attempting to identify potential coordinated shill campaigns. Includes technical documentation of data collection infrastructure and speculative analysis regarding naked shorting, direct registration (DRS), and community sentiment during price movements. Central narrative implies DRS represents a path to resolution and documents claimed evidence of hidden short interest and organized forum manipulation."
194,"Ape Historian Series -MSM Publishes 500 Negative Articles A Month - Jan. 8, 2022","by u/elegant6667",10,2022-02-12,original,psychology_opinion,2,2,high,medium,false,na,https://online.fliphtml5.com/lvrgy/wknx/,"A single-author analysis by u/elegant6667 (January 2022) claiming mainstream media published 500+ negative articles monthly about GameStop in 2021-2022, with the inference that early discussion of Computershare direct registration was deliberately suppressed (0.002% of Reddit mentions through June 2021). The author presents preliminary Reddit scraping data, compares GME coverage to Microsoft (81 articles) and NVidia (14 articles), and concludes that DRS is 'probably the way' to trigger a squeeze. Explicitly framed as 'speculation' by the author, with incomplete methodology and promises to add full details in later installments."
195,"Ape Historian Series - MSM UltraFUD - Jan. 2, 2022","by u/Elegant-Remote6667",40,2022-02-12,compilation,psychology_opinion,2,3,high,medium,true,uniform,https://online.fliphtml5.com/lvrgy/khdy/,"A three-part narrative analysis by u/Elegant-Remote6667 examining mainstream media coverage of GameStop from January to December 2021. The compilation argues that financial media (particularly Motley Fool) deliberately shifted narratives to discourage retail investment, redirected attention to alternative stocks, blamed retail for volatility, and suppressed information about direct registration and naked shorting. Uses headline screenshots, archived articles, and links to community DD posts to document claimed media patterns. Presents media skepticism as coordinated FUD rather than normal bearish journalism."
196,"The Origin Of Ape - A Historical DD - Dec. 2, 2021","by u/ButtFarm69",12,2022-02-12,original,other,4,3,low,medium,false,na,https://online.fliphtml5.com/lvrgy/lfhq/,"This essay traces the cultural etymology of 'ape' as applied to GME retail investors, from a 1640 painting satirizing Tulip Mania through 2000s financial commercials to modern Reddit usage. Using informal social media research, the author identifies January 25, 2021 as when a viral r/wallstreetbets post comparing short squeezes to 'apes, snakes, and bananas' crystallized the term in community culture. The work is explicitly framed as cultural history rather than market analysis, with acknowledged methodological limits."
197,"Dictionary For The Non-Ape - Oct. 29, 2021","by u/endvisible",14,2021-11-07,original,guide_howto,2,2,high,high,false,na,https://online.fliphtml5.com/lvrgy/oung/,"A comprehensive glossary of r/SuperStonk terminology compiled by u/endvisible to educate newcomers on GameStop investment community jargon. Defines terms ranging from legitimate market mechanics (DRS, FTDs, naked shorting, dark pools) to community-specific language (diamond hands, MOASS, infinity pool, ape). Presents market concepts accurately in some cases but frames speculative conspiracy theories about coordinated manipulation and synthetic shares as established fact. Includes predictions about GameStop's NFT marketplace revolutionizing gaming and CEO Ryan Cohen transforming the company into a tech leader."
198,"SuperStonk MOASS FAQ - Marc 13, 2021","bb u/Bye_Triangle",24,2022-02-13,original,wealth_advice,2,3,high,high,false,na,https://online.fliphtml5.com/lvrgy/ekct/,"SuperStonk MOASS FAQ guide (March-December 2021) explaining GameStop short squeeze theory through accessible Q&A format. Argues that excessive naked shorting by hedge funds created synthetic shares that must eventually be repurchased; claims short interest was disguised via ETF positioning and other mechanisms rather than covered; positions Ryan Cohen's leadership transformation and direct registration (DRS) as catalysts for an inevitable 'Mother of All Short Squeezes.' Cites the SEC's October 2021 report to support the claim that January 2021 was sentiment-driven, not short-covering-driven. Predicts astronomical share prices are possible through supply-demand laws if shorts are forced to buy back at retail-set prices."
199,"NFTs, DAOs, Web3 and the Metaverse - Dec. 28, 2021","by u/additional-ad5055",18,2022-03-08,original,guide_howto,3,2,medium,low,false,na,https://online.fliphtml5.com/lvrgy/xkdc/,"An educational overview of Web3, NFTs, DAOs, and blockchain technology published December 28, 2021. The work explains how NFTs represent unique digital assets, DAOs function as decentralized organizations, and blockchain enables new digital identities and financial systems. It references Ryan Cohen (GameStop CEO) as positioned to leverage these technologies, discusses blockchain transaction speeds (Bitcoin 7 tx/s, Ethereum 30 tx/s), and speculates that Web3 will disrupt traditional banking and finance. The narrative frames blockchain as a bridge between traditional and decentralized systems."
200,"Ultimate Guide to the Moon - May 1, 2021","by u/additional-ad5055",38,2022-03-16,original,psychology_opinion,2,2,high,medium,false,na,https://online.fliphtml5.com/lvrgy/yvyd/,"A highly speculative post claiming that naked shorting creates fake shares used as collateral in Treasury bond schemes orchestrated by Ken Griffin and Citadel. The author connects GME to broader financial fraud involving real estate and mortgage manipulation, cites limited evidence (one SSRN link on CMBS), and predicts an imminent systemic collapse. The text is poorly formatted with fragmentary OCR output, mixing biographical speculation about Griffin with claims about Treasury bond collateral schemes and LIBOR/SOFR mechanics, ultimately arguing that GME's low volume and sideways trading prove ongoing manipulation."
201,"The MOASS Thesis Summary 2.0 - June 10, 2021","by u/HCMF_MaceFace",18,2021-08-05,original,wealth_advice,2,2,high,medium,false,na,https://online.fliphtml5.com/lvrgy/itwc/,"Comprehensive educational guide explaining market mechanics and the MOASS thesis: GameStop has been subject to excessive naked shorting exceeding the share float by 200-400%; retail investors collectively own more shares than the float; forced covering through margin calls will cascade through market participants, triggering unprecedented price increases. The work breaks down stocks, shorting, margin, and short squeeze mechanics, then argues that regulatory changes and T+21 FTD cycles will force toxic market participants into defaulted positions, ultimately forcing the Federal Reserve to settle remaining short positions."
202,"The MOASS Preparation Guide 2.0 - Apr. 11, 2021","by u/socrates6210",14,2021-08-04,original,guide_howto,2,3,high,high,false,na,https://online.fliphtml5.com/lvrgy/yilg/,"A practical preparation guide for GameStop investors anticipating an imminent 'Mother of All Short Squeezes' (MOASS). Structured in five sections covering pre-squeeze planning (broker diversification, account security, tax preparation), behavior during the squeeze (holding strategy, order types), and post-squeeze management (legal/financial advisors, wealth preservation, inflation hedging). Presents MOASS as inevitable and predicts astronomical price levels and systemic economic collapse, offering financial and psychological preparation advice based on these assumptions."
203,"The Mother Of All GME Summaries - Apr. 4, 2021","by u/frugihoyi",10,2021-11-05,original,guide_howto,2,2,high,medium,false,na,https://online.fliphtml5.com/lvrgy/dkoi/,"An April 2021 educational post explaining short-selling mechanics, naked shorting, and the January 2021 GME price run-up. The author defines key terms (short selling, squeezes, FTDs, market makers, hedge funds) and traces the narrative of alleged excessive naked shorting by Melvin Capital, coordinated with Citadel, that created fictional shares. Speculates that retail investors collectively own over 100% of GME shares and predicts future squeezes from failures to deliver and margin calls. Accurately describes January events (price run to $400+, Robinhood halt, recovery) but presents speculative causation narratives as established analysis."
204,"GME Exit Strategy Using MACD and STOCH RSI Indicators - Mar. 8, 2021","by u/NHNE",14,2021-11-05,original,guide_howto,2,3,high,high,false,na,https://online.fliphtml5.com/lvrgy/ybki/,"A technical-analysis guide for GME holders on executing an exit strategy during a hypothetical short squeeze. The author explains MACD (Moving Average Convergence Divergence) and Stochastic RSI indicators, then uses the 2008 Dryships short squeeze as a case study to illustrate optimal exit timing—specifically when MACD approaches zero while Stoch RSI heads oversold. The post emphasizes selling on the way down post-peak to maximize gains while preserving liquidity for the squeeze, covers practical mechanics (limit orders, price halts, brokerage capabilities), and warns of misinformation ('FUD') that might trigger early exits."
205,"Infinity War The Final Exit DD Compilation - May 30, 2021","by u/gherkinit",16,2021-08-06,compilation,market_dd,2,2,high,high,true,uniform,https://online.fliphtml5.com/lvrgy/ffjj/,"This is u/gherkinit's consolidated exit strategy guide for the anticipated GameStop 'MOASS' (Mother of All Short Squeezes). The work proposes a three-stage price action framework: the Ascent (gradual resistance breaks), the Peak (marked by technical indicators like descending doji candles and lower highs/lows, where retail gains 'negotiating power'), and Correction (rapid price decline). It details predicted margin-call triggers in the 250-600 price range, halt patterns during the squeeze, and strategies for position breakdowns rather than all-at-once exits. The author acknowledges uncertainty about ultimate price targets but constructs an entire predictive framework around an assumed inevitable squeeze."
206,"MOASS The Trilogy - Nov. 21, 2021","by u/gherkinit",42,2021-11-21,original,wealth_advice,2,3,high,high,false,na,https://online.fliphtml5.com/lvrgy/jjwo/,"MOASS the Trilogy is a three-part analytical work by Reddit user u/gherkinit (November 2021) arguing that GameStop's price volatility results from cyclical exposure across futures contracts, ETF share creation, and failure-to-deliver settlement periods. The author correctly cites SEC findings that January 2021's run was retail-driven, then proposes that overlapping cycles of ETF rebalancing, options expirations, and FTD windows create predictable price movements. The trilogy culminates in a thesis that retail exercise of far-dated out-of-the-money calls—or continued direct registration and buying—would force market makers into systemic margin calls, triggering MOASS. The work emphasizes options mechanics and illiquidity as the essential catalyst, with detailed strategies for options trading and cashless exercise."
207,"The Complete Works of Exponential Floor Guy","u/JTH1",44,2021-08-15,compilation,,,,,,,,https://online.fliphtml5.com/lvrgy/znqz/,""
208,"The Complete Works of Trading Sideways Guy","u/earthysoup",59,2021-08-16,compilation,,,,,,,,https://online.fliphtml5.com/lvrgy/iamc/,""
209,"The u/MrFerno Collection","Reddit Award Winning Artist",60,2021-07-22,art,,,,,,,,https://online.fliphtml5.com/lvrgy/ukrz/,""
210,"Aroflip Daisy Ridley Memer of GME","The Artwork of u/aroflip",138,2021-07-31,art,,,,,,,,https://online.fliphtml5.com/lvrgy/weaf/,""
211,"Reverse Repo High Score Artwork","u/TheLeagueOfScience",88,2021-08-19,art,,,,,,,,https://online.fliphtml5.com/lvrgy/elqs/,""
212,"The GME Pixel Saga","u/canispeaktoyourmanagr",16,2021-08-15,art,,,,,,,,https://online.fliphtml5.com/lvrgy/melr/,""
213,"Stonker Deck Collection","by u/ClearEye2428",46,2021-08-03,art,,,,,,,,https://online.fliphtml5.com/lvrgy/yint/,""
214,"Lego Meme Weekend","July 9 - 11, 2021",148,2021-07-25,art,,,,,,,,https://online.fliphtml5.com/lvrgy/uajd/,""
215,"Stonks On The Moon","by u/dclark5",12,2021-08-07,art,,,,,,,,https://online.fliphtml5.com/lvrgy/rfro/,""
216,"Stoonks & Dodger Save Christmas","by u/dclark5",36,2021-09-02,art,,,,,,,,https://online.fliphtml5.com/lvrgy/lmjr/,""
217,"TLDR - SuperStonk Monthly Digest - February 2022","by u/nathanello",58,2022-03-03,periodical,periodical_news,3,2,high,medium,false,na,https://online.fliphtml5.com/lvrgy/jsht/,"A community-curated daily digest of r/SuperStonk discussions and news during February 2022. Catalogs trending topics including DRS (""purple circles""), short interest metrics, reverse repo balances, SEC proposals, and GameStop corporate events. Aggregates links to educational posts, technical analysis, and market commentary. Highlights include Ryan Cohen's standstill agreement expiration and the launch of GameStop's NFT marketplace on Loopring. The digest uncritically reports speculative claims (such as 1300% XRT short interest) alongside verified facts, reflecting community sentiment without independent analysis or evidence evaluation."
218,"TLDR - SuperStonk Monthly Digest - January 2022","by u/nathanello",32,2022-03-03,periodical,periodical_news,3,1,medium,low,false,na,https://online.fliphtml5.com/lvrgy/nzzk/,"A monthly community news digest from January 2022 organizing and aggregating popular posts from the r/SuperStonk subreddit. The digest categorizes links by topic (due diligence, speculation/opinion, education, HODL) spanning discussions of reverse repo facilities, borrow rate movements, options mechanics, Plunge Protection Team theory, and GameStop corporate announcements. The extract provides minimal substantive content—mostly page headers, link references, and categorical tags—making comprehensive claim verification difficult."
219,"SuperStonk Geographic - September 2021","by u/zedinstead",20,2021-09-26,periodical,,,,,,,,https://online.fliphtml5.com/lvrgy/uuaa/,""
220,"SuperStonk Geographic - August 2021","Vol. 2, No. 2",20,2021-08-11,periodical,,,,,,,,https://online.fliphtml5.com/lvrgy/tpbo/,""
221,"SuperStonk Geographic - July 2021","Vol. 2, No. 1",20,2021-07-25,periodical,,,,,,,,https://online.fliphtml5.com/lvrgy/usda/,""
222,"SuperStonk Guide | Issue #24 April 13, 2026","",4,2026-04-13,periodical,periodical_news,,1,low,high,false,na,https://online.fliphtml5.com/lvrgy/ffyo/,"SuperStonk Guide Issue #24 (April 13, 2026) is a four-page periodical that provides essentially no extractable content. Only one page yields text: the single word ""HODL"" (Reddit slang for ""hold""). The publication contains no reporting, analysis, claims, predictions, or substantive discussion of any market topic or GameStop developments."
223,"SuperStonk Guide | Issue #23 June 3, 2024","",4,2025-10-07,periodical,periodical_news,,1,low,low,false,na,https://online.fliphtml5.com/lvrgy/jvjl/,"This issue of SuperStonk Guide (Issue #23, June 3, 2024) is nearly empty of extractable text. Only a single word appears in the recovered content: HODL, the community rallying cry meaning 'hold' shares rather than sell them. The document reports no news, analysis, data, or substantive guidance. Of 4 official pages, only 1 page contains extractable text, making comprehensive review impossible. The guide appears to be a motivational issue consisting primarily of graphics or illustrations not captured in text extraction, leaving only the slogan as recoverable content."
224,"SuperStonk Guide | Issue #22 July 15 2021","Ryan Cohen
And Dwyer
Lego Stepping",4,2021-07-20,periodical,,,,,,,,https://online.fliphtml5.com/lvrgy/tvnb/,""
225,"SuperStonk Guide | Issue #21 July 15, 2021","Jordan Holberg
GME Preview
Latest DD",4,2021-07-20,periodical,,,,,,,,https://online.fliphtml5.com/lvrgy/khab/,""
226,"SuperStonk Guide | Issue #20 July 13, 2021","Apes with Diamond Hands
Anakin Skywalker
Good Gnews",4,2021-07-20,periodical,,,,,,,,https://online.fliphtml5.com/lvrgy/jwbx/,""
227,"SuperStonk Guide | Issue # 19 July 12, 2021","Hang In There Car
Lego Weekend
Lots of Hype",4,2021-07-20,periodical,,,,,,,,https://online.fliphtml5.com/lvrgy/cqlg/,""
228,"SuperStonk Guide | Issue #18 July 9, 2021","Ryan Cohen
Oreo Index
Lego Begins",4,2021-07-20,periodical,,,,,,,,https://online.fliphtml5.com/lvrgy/akel/,""
229,"SuperStonk Guide | Issue #17 July 8, 2021","Keith Gill
Classic Meme Quiz
Class Action Lawsuit",4,2021-07-20,periodical,,,,,,,,https://online.fliphtml5.com/lvrgy/gjds/,""
230,"SuperStonk Guide | Issue #16 July 7, 2021","Tylee the Good Dog
Phil Connors Report
Oreo Index",4,2021-07-20,periodical,,,,,,,,https://online.fliphtml5.com/lvrgy/frfu/,""
231,"SuperStonk Guide | Issue # 15 July 6, 2021","Matt Furlong
Holiday Review
Sub Goes Gray",4,2021-07-20,periodical,,,,,,,,https://online.fliphtml5.com/lvrgy/qkup/,""
232,"SuperStonk Guide | Issue #14 July 2, 2021","Dave Lauer
Vlad Tenev Phone Missing
Monkey Puppet Projects",4,2021-07-20,periodical,,,,,,,,https://online.fliphtml5.com/lvrgy/ewoy/,""
233,"SuperStonk Guide | Issue #13 July 1 2021","Keith Gill
Brick by Brick
Reverse Repo High Score",4,2021-07-20,periodical,,,,,,,,https://online.fliphtml5.com/lvrgy/rpol/,""
234,"SuperStonk Guide | Issue #12 June 30, 2021","Ryan Cohen
Tylee the Good Dog
Mr_Boost has a Baby",4,2021-07-20,periodical,,,,,,,,https://online.fliphtml5.com/lvrgy/txor/,""
235,"SuperStonk Guide | Issue #11 June 29, 2021","Matt Furlong
Gamma Spike Girl
Hang In There Cat",4,2021-07-20,periodical,,,,,,,,https://online.fliphtml5.com/lvrgy/qrwv/,""
236,"SuperStonk Guide | Issue #10 June 28, 2021","Alex Kearns
RobinHood IPO
New Pixel Art",4,2021-07-20,periodical,,,,,,,,https://online.fliphtml5.com/lvrgy/nyoo/,""
237,"SuperStonk Guide | Issue #9 June 25, 2021","Hang In There Cat
Dave Portnoy Little Bitch
Curb Your Enthusiasm",4,2021-07-20,periodical,,,,,,,,https://online.fliphtml5.com/lvrgy/zfnb/,""
238,"SuperStonk Guide | Issue #8 June 24, 2021","Keith Gill
Smudge Cat
Terrance and Phillip",4,2021-07-20,periodical,,,,,,,,https://online.fliphtml5.com/lvrgy/hhho/,""
239,"SuperStonk Guide | Issue #7 June 23, 2021","Lucy  Komisar
ATM Offering
Sub Reaches Milestone",4,2021-07-20,periodical,,,,,,,,https://online.fliphtml5.com/lvrgy/bkum/,""
240,"SuperStonk Guide | Issue #6 June 22, 2021","Matt Furlong
Ape News Network Drama
House Hunters on HGTV",4,2021-07-20,periodical,,,,,,,,https://online.fliphtml5.com/lvrgy/bjmt/,""
241,"SuperStonk Guide | Issue #5 June 21, 2021","Hang In There Cat
Mr. Ferno
Wild Lamborghinis",4,2021-07-20,periodical,,,,,,,,https://online.fliphtml5.com/lvrgy/hnif/,""
242,"SuperStonk Guide | #4 June 18, 2021","Ryan Cohen
Tylee the Good Dog
Mama Sock Missing Child",4,2021-07-20,periodical,,,,,,,,https://online.fliphtml5.com/lvrgy/sfjk/,""
243,"SuperStonk Guide | Issue #3 June 17, 2021","Dave Lauer
Susanne Trimbath
Wes Christian
Lucy Komisar
Daisy Ridley",4,2021-07-20,periodical,,,,,,,,https://online.fliphtml5.com/lvrgy/qxvn/,""
244,"SuperStonk Guide | Issue #2 June 16, 2021","Keith Gill
OBV Not Moving
Multiple Elliott Waves Guys",4,2021-07-20,periodical,,,,,,,,https://online.fliphtml5.com/lvrgy/rqpc/,""
245,"SuperStonk Guide | Issue #1 June 15 2021","Ryan Cohen
Returning Favorites
Forrest Gump GME Meme Movie",4,2021-07-20,periodical,,,,,,,,https://online.fliphtml5.com/lvrgy/chmb/,""
246,"What You Should Do After MOASS - June 27, 2021","by u/einfachman",8,2021-11-21,original,wealth_advice,2,3,high,high,false,na,https://online.fliphtml5.com/lvrgy/xcpa/,"A June 2021 Reddit post offering personal finance guidance for managing sudden wealth after the anticipated 'MOASS' (Mother of All Short Squeezes). The author advises obtaining legal and accounting counsel, erasing digital footprints, avoiding public displays of wealth, resisting financial manipulation, and practicing fiscal discipline. Examples include Jack Whittaker's ruined Powerball win and lottery-winner bankruptcy statistics. The post presupposes MOASS will deliver hundreds-of-millions-dollar windfalls to individual retail investors."
247,"Some of You Aren't Ready to be Rich and it Shows - Apr. 28, 2021","by u/deepfrieddonkeydick",10,2021-11-21,original,psychology_opinion,2,2,high,high,false,na,https://online.fliphtml5.com/lvrgy/vgyd/,"Psychological opinion essay on emotional readiness for anticipated GME wealth transfer. Author emphasizes preparing mentally for extreme price volatility, resisting social pressure and family manipulation, managing emotional fatigue, and building support networks. References lottery-winner research as precedent for sudden-wealth challenges. Assumes MOASS will reach prices of $1M-$100M per share; frames practical advice around maintaining resolve during such an event, including meditation, professional therapy, and community support structures. Explicitly frames content as opinion rather than technical market analysis."
248,"Being Rich is Easy, Staying Rich Isn't - May 3, 2021","by u/damselindistress",12,2021-11-21,original,wealth_advice,3,3,medium,high,false,na,https://online.fliphtml5.com/lvrgy/ceem/,"This personal finance guide addresses prospective MOASS beneficiaries, cautioning against common pitfalls of sudden wealth. The author argues that money amplifies existing personality flaws and psychological vulnerabilities; that unexpected windfalls are frequently mismanaged (citing lottery and NFL player bankruptcy statistics); and that a sustainable lifestyle post-wealth requires careful planning, professional guidance, budgeting discipline, and often continued income-earning work. The piece recommends securing tax/legal/financial advisors, maintaining a strict spending cap tied to passive income (~1% of wealth annually), and avoiding ostentatious consumption. It frames wealth management not as a problem of supply but of behavioral discipline and personal development."
249,"Financial Advisors, Tax Attorneys, Certified Accountants, & Wills - Apr. 20, 2021","by u/soluna7827",12,2021-11-21,original,guide_howto,3,4,medium,high,false,na,https://online.fliphtml5.com/lvrgy/klun/,"A practical guide for GME investors on hiring financial professionals post-MOASS. Covers financial advisors (certifications, fiduciary duties, licensing, compensation models), tax attorneys, CPAs, and estate planning (wills vs. living trusts). Assumes MOASS will occur and readers will need wealth management guidance. Properly sourced with 15 references. Factually accurate about professional credentials, fiduciary standards, and legal structures, but rests on the unvalidated premise that MOASS will happen."
250,"Attorneys and You - A Guide to the Newly Rich - Apr. 27, 2021","by u/dodecaphonicism",6,2021-11-21,original,wealth_advice,2,3,high,high,false,na,https://online.fliphtml5.com/lvrgy/zerv/,"Posted April 27, 2021 near GME's first peak, this post offers practical legal and financial guidance assuming readers are about to become wealthy. Written by a self-identified licensed attorney in two states, it covers umbrella liability insurance, specialized tax counsel, estate planning via trusts, finding attorneys through bar associations, and tax strategies like Montana corporate formation. The author emphasizes consulting professionals and explicitly disclaims providing legal advice. The guidance on insurance, attorney selection, and trust planning is professionally sound, though the foundational assumption that readers are imminently becoming rich from GME proved false."